CIM10,CODTOPOCIMO3,GROUPE_TOPO_IACR,LIBTOPOCIMO3,CODMORPHOCIMO3,GROUPE_MORPHO_IACR,LIBMORPHOCIMO3,LESION,ORGANE;;
"C008,C008,1,Lésion à localisations contiguës de la lèvre,80003,17,""Tumeur maligne, SAI"",NA,NA";;
"C006,C006,1,Commissure des lèvres,80003,17,""Tumeur maligne, SAI"",NA,NA";;
"C001,C001,1,Face externe de la lèvre inférieure,80003,17,""Tumeur maligne, SAI"",NA,NA";;
"C002,C002,1,Face externe de la lèvre SAI,80003,17,""Tumeur maligne, SAI"",NA,NA";;
"C005,C005,1,Muqueuse de la lèvre SAI,80003,17,""Tumeur maligne, SAI"",NA,NA";;
"C003,C003,1,Muqueuse de la lèvre supérieure,80003,17,""Tumeur maligne, SAI"",NA,NA";;
"C00,C009,1,Lèvre SAI (à l'exclusion de la peau de la lèvre),80003,17,""Tumeur maligne, SAI"",NA,NA";;
"C009,C009,1,Lèvre SAI (à l'exclusion de la peau de la lèvre),80003,17,""Tumeur maligne, SAI"",NA,NA";;
"C000,C000,1,Face externe de la lèvre supérieure,80003,17,""Tumeur maligne, SAI"",NA,NA";;
"NA,C000,1,Face externe de la lèvre supérieure,80102,5,""Carcinome in situ, SAI"",NA,NA";;
"C004,C004,1,Muqueuse de la lèvre inférieure,80003,17,""Tumeur maligne, SAI"",NA,NA";;
"C01,C019,2,Base de la langue SAI,80003,17,""Tumeur maligne, SAI"",NA,NA";;
"C022,C022,2,Face ventrale de la langue SAI,80003,17,""Tumeur maligne, SAI"",NA,NA";;
"C021,C021,2,Bord de la langue,80003,17,""Tumeur maligne, SAI"",NA,NA";;
"C029,C029,2,Langue SAI,80003,17,""Tumeur maligne, SAI"",NA,NA";;
"C020,C020,2,Face dorsale de la langue SAI,80003,17,""Tumeur maligne, SAI"",NA,NA";;
"C024,C024,2,Amygdale linguale,80003,17,""Tumeur maligne, SAI"",NA,NA";;
"C028,C028,2,Lésion à localisations contiguës de la langue,80003,17,""Tumeur maligne, SAI"",NA,NA";;
"C023,C023,2,Deux tiers antérieurs de la langue SAI,80003,17,""Tumeur maligne, SAI"",NA,NA";;
"C03,C039,1,Gencive SAI,80003,17,""Tumeur maligne, SAI"",NA,NA";;
"C039,C039,1,Gencive SAI,80003,17,""Tumeur maligne, SAI"",NA,NA";;
"C031,C031,1,Gencive inférieure,80003,17,""Tumeur maligne, SAI"",NA,NA";;
"C030,C030,1,Gencive supérieure,80003,17,""Tumeur maligne, SAI"",NA,NA";;
"C04,C049,1,Plancher de la bouche SAI,80003,17,""Tumeur maligne, SAI"",NA,NA";;
"C049,C049,1,Plancher de la bouche SAI,80003,17,""Tumeur maligne, SAI"",NA,NA";;
"C041,C041,1,Plancher latéral de la bouche,80003,17,""Tumeur maligne, SAI"",NA,NA";;
"C040,C040,1,Plancher antérieur de la bouche,80003,17,""Tumeur maligne, SAI"",NA,NA";;
"C048,C048,1,Lésion à localisations contiguës du plancher de la bouche,80003,17,""Tumeur maligne, SAI"",NA,NA";;
"C058,C058,1,Lésion à localisations contiguës du palais,80003,17,""Tumeur maligne, SAI"",NA,NA";;
"C051,C051,1,Palais mou SAI (à l'exclusion de la face nasopharyngée du palais mou),80003,17,""Tumeur maligne, SAI"",NA,NA";;
"C052,C052,1,Luette,80003,17,""Tumeur maligne, SAI"",NA,NA";;
"C050,C050,1,Palais dur,80003,17,""Tumeur maligne, SAI"",NA,NA";;
"C05,C059,1,Palais SAI,80003,17,""Tumeur maligne, SAI"",NA,NA";;
"C059,C059,1,Palais SAI,80003,17,""Tumeur maligne, SAI"",NA,NA";;
C462,C059,1,Palais SAI,91403,15,Sarcome de Kaposi,NA,NA;;
"C069,C069,1,Bouche SAI,80003,17,""Tumeur maligne, SAI"",NA,NA";;
"C068,C068,1,Lésion à localisations contiguës de la bouche,80003,17,""Tumeur maligne, SAI"",NA,NA";;
"C062,C062,1,Région rétromolaire,80003,17,""Tumeur maligne, SAI"",NA,NA";;
"C061,C061,1,Vestibule de la bouche,80003,17,""Tumeur maligne, SAI"",NA,NA";;
"C060,C060,1,Muqueuse de la joue,80003,17,""Tumeur maligne, SAI"",NA,NA";;
"C07,C079,3,Glande parotide,80003,17,""Tumeur maligne, SAI"",NA,NA";;
"C089,C089,4,Glande salivaire principale SAI,80003,17,""Tumeur maligne, SAI"",NA,NA";;
"C088,C088,4,Lésion à localisations contiguës des glandes salivaires principales,80003,17,""Tumeur maligne, SAI"",NA,NA";;
"C081,C081,4,Glande sub-linguale,80003,17,""Tumeur maligne, SAI"",NA,NA";;
"C080,C080,4,Glande sous-maxillaire,80003,17,""Tumeur maligne, SAI"",NA,NA";;
"C09,C099,5,Amygdale SAI (à l'exclusion de l'amygdale linguale et de l'amygdale pharyngée),80003,17,""Tumeur maligne, SAI"",NA,NA";;
"C099,C099,5,Amygdale SAI (à l'exclusion de l'amygdale linguale et de l'amygdale pharyngée),80003,17,""Tumeur maligne, SAI"",NA,NA";;
"C098,C098,5,Lésion à localisations contiguës de l'amygdale,80003,17,""Tumeur maligne, SAI"",NA,NA";;
"C091,C091,5,Pilier de l'amygdale,80003,17,""Tumeur maligne, SAI"",NA,NA";;
"C090,C090,5,Loge amygdalienne,80003,17,""Tumeur maligne, SAI"",NA,NA";;
"C10,C109,5,Oropharynx SAI,80003,17,""Tumeur maligne, SAI"",NA,NA";;
"C109,C109,5,Oropharynx SAI,80003,17,""Tumeur maligne, SAI"",NA,NA";;
"C108,C108,5,Lésion à localisations contiguës de l'oropharynx,80003,17,""Tumeur maligne, SAI"",NA,NA";;
"C104,C104,5,Fente branchiale (en tant que localisation néoplasique),80003,17,""Tumeur maligne, SAI"",NA,NA";;
"C103,C103,5,Paroi postérieure de l'oropharynx,80003,17,""Tumeur maligne, SAI"",NA,NA";;
"C102,C102,5,Paroi latérale de l'oropharynx,80003,17,""Tumeur maligne, SAI"",NA,NA";;
"C101,C101,5,Face antérieure de l'épiglotte,80003,17,""Tumeur maligne, SAI"",NA,NA";;
"C100,C100,5,Vallécule,80003,17,""Tumeur maligne, SAI"",NA,NA";;
"C11,C119,6,Nasopharynx SAI,80003,17,""Tumeur maligne, SAI"",NA,NA";;
"C119,C119,6,Nasopharynx SAI,80003,17,""Tumeur maligne, SAI"",NA,NA";;
"C118,C118,6,Lésion à localisations contiguës du nasopharynx,80003,17,""Tumeur maligne, SAI"",NA,NA";;
"C113,C113,6,Paroi antérieure du nasopharynx,80003,17,""Tumeur maligne, SAI"",NA,NA";;
"C112,C112,6,Paroi latérale du nasopharynx,80003,17,""Tumeur maligne, SAI"",NA,NA";;
"C111,C111,6,Paroi postérieure du nasopharynx,80003,17,""Tumeur maligne, SAI"",NA,NA";;
"C110,C110,6,Paroi supérieure du nasopharynx,80003,17,""Tumeur maligne, SAI"",NA,NA";;
"C12,C129,5,Sinus piriforme,80003,17,""Tumeur maligne, SAI"",NA,NA";;
"C13,C139,5,Hypopharynx SAI,80003,17,""Tumeur maligne, SAI"",NA,NA";;
"C139,C139,5,Hypopharynx SAI,80003,17,""Tumeur maligne, SAI"",NA,NA";;
"C132,C132,5,Paroi postérieure de l'hypopharynx,80003,17,""Tumeur maligne, SAI"",NA,NA";;
"C138,C138,5,Lésion à localisations contiguës de,80003,17,""Tumeur maligne, SAI"",NA,NA";;
"C130,C130,5,Région rétrocricoïdienne,80003,17,""Tumeur maligne, SAI"",NA,NA";;
"C131,C131,5,Face hypopharyngée du repli ary-épiglottique,80003,17,""Tumeur maligne, SAI"",NA,NA";;
"C140,C140,5,Pharynx SAI,80003,17,""Tumeur maligne, SAI"",NA,NA";;
"C148,C148,5,""Lésion à localisations contiguës de la lèvre, de la cavité buccale et du pharynx"",80003,17,""Tumeur maligne, SAI"",NA,NA";;
"C142,C142,5,Anneau de Waldeyer,80003,17,""Tumeur maligne, SAI"",NA,NA";;
"C154,C154,7,Tiers moyen de l'œsophage,80003,17,""Tumeur maligne, SAI"",NA,NA";;
"C152,C152,7,Œsophage abdominal,80003,17,""Tumeur maligne, SAI"",NA,NA";;
"C155,C155,7,Tiers inférieur de l'œsophage,80003,17,""Tumeur maligne, SAI"",NA,NA";;
"C151,C151,7,Œsophage thoracique,80003,17,""Tumeur maligne, SAI"",NA,NA";;
"C153,C153,7,Tiers supérieur de l'œsophage,80003,17,""Tumeur maligne, SAI"",NA,NA";;
"C150,C150,7,Œsophage cervical,80003,17,""Tumeur maligne, SAI"",NA,NA";;
"C15,C159,7,Œsophage SAI,80003,17,""Tumeur maligne, SAI"",NA,NA";;
"C159,C159,7,Œsophage SAI,80003,17,""Tumeur maligne, SAI"",NA,NA";;
"NA,C159,7,Œsophage SAI,80102,5,""Carcinome in situ, SAI"",NA,NA";;
"C158,C158,7,Lésion à localisations contiguës de l'œsophage,80003,17,""Tumeur maligne, SAI"",NA,NA";;
"C16,C169,8,Estomac SAI,80003,17,""Tumeur maligne, SAI"",NA,NA";;
"C169,C169,8,Estomac SAI,80003,17,""Tumeur maligne, SAI"",NA,NA";;
"NA,C169,8,Estomac SAI,80102,5,""Carcinome in situ, SAI"",NA,NA";;
NA,C169,8,Estomac SAI,80001,17,Tumeur de bénignité ou de malignité non assurée,NA,NA;;
"C168,C168,8,Lésion à localisations contiguës de l'estomac,80003,17,""Tumeur maligne, SAI"",NA,NA";;
"C166,C166,8,Grande courbure de l'estomac SAI (non classable de C16.0 à C16.4),80003,17,""Tumeur maligne, SAI"",NA,NA";;
"C165,C165,8,Petite courbure de l'estomac SAI (non classable de C16.1 à C16.4),80003,17,""Tumeur maligne, SAI"",NA,NA";;
"C164,C164,8,Pylore,80003,17,""Tumeur maligne, SAI"",NA,NA";;
"C163,C163,8,Antre gastrique,80003,17,""Tumeur maligne, SAI"",NA,NA";;
"C162,C162,8,Corps de l'estomac,80003,17,""Tumeur maligne, SAI"",NA,NA";;
"C161,C161,8,Fundus de l'estomac,80003,17,""Tumeur maligne, SAI"",NA,NA";;
"C160,C160,8,Cardia SAI,80003,17,""Tumeur maligne, SAI"",NA,NA";;
"C178,C178,9,Lésion à localisations contiguës de l 'intestin grêle,80003,17,""Tumeur maligne, SAI"",NA,NA";;
"C173,C173,9,Diverticule de Meckel (en tant que localisation d'un néoplasme),80003,17,""Tumeur maligne, SAI"",NA,NA";;
"C172,C172,9,Iléon (à l'exclusion de la valvule iléocaecale),80003,17,""Tumeur maligne, SAI"",NA,NA";;
"C171,C171,9,Jéjunum,80003,17,""Tumeur maligne, SAI"",NA,NA";;
"C170,C170,9,Duodénum,80003,17,""Tumeur maligne, SAI"",NA,NA";;
"C17,C179,9,Intestin grêle SAI,80003,17,""Tumeur maligne, SAI"",NA,NA";;
"C179,C179,9,Intestin grêle SAI,80003,17,""Tumeur maligne, SAI"",NA,NA";;
"C260,C179,9,Intestin grêle SAI,80003,17,""Tumeur maligne, SAI"",NA,NA";;
C784,C179,9,Intestin grêle SAI,80006,17,Tumeur métastatique,NA,NA;;
"NA,C179,9,Intestin grêle SAI,80102,5,""Carcinome in situ, SAI"",NA,NA";;
NA,C179,9,Intestin grêle SAI,80001,17,Tumeur de bénignité ou de malignité non assurée,NA,NA;;
"C182,C182,10,Côlon ascendant,80003,17,""Tumeur maligne, SAI"",NA,NA";;
"C181,C181,10,Appendice,80003,17,""Tumeur maligne, SAI"",NA,NA";;
NA,C181,10,Appendice,80001,17,Tumeur de bénignité ou de malignité non assurée,NA,NA;;
"C180,C180,10,Caecum,80003,17,""Tumeur maligne, SAI"",NA,NA";;
"C18,C189,10,Côlon SAI,80003,17,""Tumeur maligne, SAI"",NA,NA";;
"C189,C189,10,Côlon SAI,80003,17,""Tumeur maligne, SAI"",NA,NA";;
"NA,C189,10,Côlon SAI,80102,5,""Carcinome in situ, SAI"",NA,NA";;
NA,C189,10,Côlon SAI,80001,17,Tumeur de bénignité ou de malignité non assurée,NA,NA;;
"C186,C186,10,Côlon descendant,80003,17,""Tumeur maligne, SAI"",NA,NA";;
"C188,C188,10,Lésion à localisations contiguës du côlon,80003,17,""Tumeur maligne, SAI"",NA,NA";;
"C185,C185,10,Angle splénique du côlon,80003,17,""Tumeur maligne, SAI"",NA,NA";;
"C184,C184,10,Côlon transverse,80003,17,""Tumeur maligne, SAI"",NA,NA";;
"C187,C187,10,Côlon sigmoïde,80003,17,""Tumeur maligne, SAI"",NA,NA";;
"C183,C183,10,Angle hépatique du côlon,80003,17,""Tumeur maligne, SAI"",NA,NA";;
"C19,C199,11,Jonction recto-sigmoïdienne,80003,17,""Tumeur maligne, SAI"",NA,NA";;
"NA,C199,11,Jonction recto-sigmoïdienne,80102,5,""Carcinome in situ, SAI"",NA,NA";;
"C20,C209,11,Rectum SAI,80003,17,""Tumeur maligne, SAI"",NA,NA";;
"NA,C209,11,Rectum SAI,80102,5,""Carcinome in situ, SAI"",NA,NA";;
NA,C209,11,Rectum SAI,80001,17,Tumeur de bénignité ou de malignité non assurée,NA,NA;;
"C211,C211,12,Canal anal,80003,17,""Tumeur maligne, SAI"",NA,NA";;
"C210,C210,12,""Anus SAI (à l'exclusion de la peau de l'anus, péri-anale et de la marge anale  C44.5)"",80003,17,""Tumeur maligne, SAI"",NA,NA";;
"NA,C210,12,""Anus SAI (à l'exclusion de la peau de l'anus, péri-anale et de la marge anale  C44.5)"",80102,5,""Carcinome in situ, SAI"",NA,NA";;
"C218,C218,12,""Lésion à localisations contiguës du rectum, de l'anus et du canal anal"",80003,17,""Tumeur maligne, SAI"",NA,NA";;
"C212,C212,12,Zone cloacale,80003,17,""Tumeur maligne, SAI"",NA,NA";;
"C221,C221,13,Voies biliaires intrahépatiques,80003,17,""Tumeur maligne, SAI"",NA,NA";;
"C220,C220,13,Foie,80003,17,""Tumeur maligne, SAI"",NA,NA";;
C222,C220,13,Foie,89703,16,Hépatoblastome (C22.0),NA,NA;;
C223,C220,13,Foie,91203,6,Hémangiosarcome,NA,NA;;
"C224,C220,13,Foie,88003,6,""Sarcome, SAI"",NA,NA";;
"C227,C220,13,Foie,80103,5,""Carcinome, SAI"",NA,NA";;
"C229,C220,13,Foie,80003,17,""Tumeur maligne, SAI"",NA,NA";;
C787,C220,13,Foie,80006,17,Tumeur métastatique,NA,NA;;
"C23,C239,14,Vésicule biliaire,80003,17,""Tumeur maligne, SAI"",NA,NA";;
"C249,C249,14,Voies biliaires SAI,80003,17,""Tumeur maligne, SAI"",NA,NA";;
"C248,C248,14,Lésion à localisations contiguës des voies biliaires,80003,17,""Tumeur maligne, SAI"",NA,NA";;
"C241,C241,14,Ampoule de Vater,80003,17,""Tumeur maligne, SAI"",NA,NA";;
"C240,C240,14,Voies biliaires extra-hépatiques,80003,17,""Tumeur maligne, SAI"",NA,NA";;
"C25,C259,15,Pancréas SAI,80003,17,""Tumeur maligne, SAI"",NA,NA";;
"C259,C259,15,Pancréas SAI,80003,17,""Tumeur maligne, SAI"",NA,NA";;
"C257,C257,15,Autres localisations spécifiées du pancréas,80003,17,""Tumeur maligne, SAI"",NA,NA";;
"C254,C254,15,Ilôts de Langerhans,80003,17,""Tumeur maligne, SAI"",NA,NA";;
"C253,C253,15,Canal pancréatique,80003,17,""Tumeur maligne, SAI"",NA,NA";;
"C258,C258,15,Lésion à localisations contiguës du pancréas,80003,17,""Tumeur maligne, SAI"",NA,NA";;
"C252,C252,15,Queue du pancréas,80003,17,""Tumeur maligne, SAI"",NA,NA";;
"C251,C251,15,Corps du pancréas,80003,17,""Tumeur maligne, SAI"",NA,NA";;
"C250,C250,15,Tête du pancréas,80003,17,""Tumeur maligne, SAI"",NA,NA";;
"C268,C268,16,Lésion à localisations contiguës de l'appareil digestif,80003,17,""Tumeur maligne, SAI"",NA,NA";;
C785,C260,16,Tractus intestinal SAI,80006,17,Tumeur métastatique,NA,NA;;
C788,C260,16,Tractus intestinal SAI,80006,17,Tumeur métastatique,NA,NA;;
"C301,C301,17,Oreille moyenne,80003,17,""Tumeur maligne, SAI"",NA,NA";;
"C300,C300,17,Fosse nasale (à l'exclusion du nez SAI C76.0),80003,17,""Tumeur maligne, SAI"",NA,NA";;
"C31,C319,18,Sinus annexe SAI,80003,17,""Tumeur maligne, SAI"",NA,NA";;
"C319,C319,18,Sinus annexe SAI,80003,17,""Tumeur maligne, SAI"",NA,NA";;
"C318,C318,18,Lésion à localisations contiguës des sinus accessoires,80003,17,""Tumeur maligne, SAI"",NA,NA";;
"C313,C313,18,Sinus sphénoïdal,80003,17,""Tumeur maligne, SAI"",NA,NA";;
"C312,C312,18,Sinus frontal,80003,17,""Tumeur maligne, SAI"",NA,NA";;
"C311,C311,18,Sinus ethmoïdal,80003,17,""Tumeur maligne, SAI"",NA,NA";;
"C310,C310,18,Sinus maxillaire,80003,17,""Tumeur maligne, SAI"",NA,NA";;
"C32,C329,19,Larynx SAI,80003,17,""Tumeur maligne, SAI"",NA,NA";;
"C329,C329,19,Larynx SAI,80003,17,""Tumeur maligne, SAI"",NA,NA";;
"NA,C329,19,Larynx SAI,80102,5,""Carcinome in situ, SAI"",NA,NA";;
NA,C329,19,Larynx SAI,80001,17,Tumeur de bénignité ou de malignité non assurée,NA,NA;;
"C328,C328,19,Lésion à localisations contiguës du larynx,80003,17,""Tumeur maligne, SAI"",NA,NA";;
"C323,C323,19,Cartilage laryngé,80003,17,""Tumeur maligne, SAI"",NA,NA";;
"C322,C322,19,Étage sous-glottique,80003,17,""Tumeur maligne, SAI"",NA,NA";;
"C321,C321,19,Étage sus-glottique,80003,17,""Tumeur maligne, SAI"",NA,NA";;
"C320,C320,19,Glotte,80003,17,""Tumeur maligne, SAI"",NA,NA";;
"C33,C339,20,Trachée,80003,17,""Tumeur maligne, SAI"",NA,NA";;
"NA,C339,20,Trachée,80102,5,""Carcinome in situ, SAI"",NA,NA";;
"C34,C349,20,Poumon SAI,80003,17,""Tumeur maligne, SAI"",X7A0,RP";;
"C34,C349,20,Poumon SAI,80003,17,""Tumeur maligne, SAI"",X7A0,RB";;
"C349,C349,20,Poumon SAI,80003,17,""Tumeur maligne, SAI"",X7A0,RP";;
"C349,C349,20,Poumon SAI,80003,17,""Tumeur maligne, SAI"",X7A0,RB";;
C467,C349,20,Poumon SAI,91403,15,Sarcome de Kaposi,NA,NA;;
C780,C349,20,Poumon SAI,80006,17,Tumeur métastatique,NA,NA;;
"NA,C349,20,Poumon SAI,80102,5,""Carcinome in situ, SAI"",NA,NA";;
"C348,C348,20,Lésion à localisations contiguës du poumon,80003,17,""Tumeur maligne, SAI"",NA,NA";;
"C343,C343,20,Lobe inférieur du poumon,80003,17,""Tumeur maligne, SAI"",NA,NA";;
"C342,C342,20,Lobe moyen du poumon,80003,17,""Tumeur maligne, SAI"",NA,NA";;
"C341,C341,20,Lobe supérieur du poumon,80003,17,""Tumeur maligne, SAI"",NA,NA";;
"C340,C340,20,Bronche souche,80003,17,""Tumeur maligne, SAI"",NA,NA";;
"C37,C379,21,Thymus,80003,17,""Tumeur maligne, SAI"",NA,NA";;
NA,C379,21,Thymus,80001,17,Tumeur de bénignité ou de malignité non assurée,NA,NA;;
"C388,C388,22,""Lésion à localisations contiguës du cœur, du"",80003,17,""Tumeur maligne, SAI"",NA,NA";;
"C384,C384,22,Plèvre SAI,80003,17,""Tumeur maligne, SAI"",NA,NA";;
C450,C384,22,Plèvre SAI,90503,7,Mésothéliome malin,M7P0,RS;;
C782,C384,22,Plèvre SAI,80006,17,Tumeur métastatique,NA,NA;;
NA,C384,22,Plèvre SAI,80001,17,Tumeur de bénignité ou de malignité non assurée,NA,NA;;
"C383,C383,22,Médiastin SAI,80003,17,""Tumeur maligne, SAI"",NA,NA";;
C781,C383,22,Médiastin SAI,80006,17,Tumeur métastatique,NA,NA;;
NA,C383,22,Médiastin SAI,80001,17,Tumeur de bénignité ou de malignité non assurée,NA,NA;;
"C382,C382,22,Médiastin postérieur,80003,17,""Tumeur maligne, SAI"",NA,NA";;
"C381,C381,22,Médiastin antérieur,80003,17,""Tumeur maligne, SAI"",NA,NA";;
"C380,C380,22,Coeur,80003,17,""Tumeur maligne, SAI"",NA,NA";;
C452,C380,22,Coeur,90503,7,Mésothéliome malin,NA,NA;;
"C390,C390,23,Voies respiratoires supérieures SAI,80003,17,""Tumeur maligne, SAI"",NA,NA";;
"C399,C399,23,Localisations mal définies de l'appareil respiratoire,80003,17,""Tumeur maligne, SAI"",X7A0,RZ";;
C783,C399,23,Localisations mal définies de l'appareil respiratoire,80006,17,Tumeur métastatique,NA,NA;;
"NA,C399,23,Localisations mal définies de l'appareil respiratoire,80102,5,""Carcinome in situ, SAI"",NA,NA";;
NA,C399,23,Localisations mal définies de l'appareil respiratoire,80001,17,Tumeur de bénignité ou de malignité non assurée,X4A0,RZ;;
"C398,C398,23,Lésion à localisations contiguës de l'appareil respiratoire,80003,17,""Tumeur maligne, SAI"",NA,NA";;
"C400,C400,24,""Os longs du membre supérieur, omoplate et articulations"",80003,17,""Tumeur maligne, SAI"",NA,NA";;
"C409,C409,24,Os d’un membre SAI,80003,17,""Tumeur maligne, SAI"",NA,NA";;
"C408,C408,24,""Lésion à localisations contiguës des os, des articulations et des cartilages articulaires des membres inférieurs"",80003,17,""Tumeur maligne, SAI"",NA,NA";;
"C403,C403,24,Os courts du membre inférieur et articulations,80003,17,""Tumeur maligne, SAI"",NA,NA";;
"C402,C402,24,Os longs du membre inférieur et articulations,80003,17,""Tumeur maligne, SAI"",NA,NA";;
"C401,C401,24,Os courts du membre supérieur et articulations,80003,17,""Tumeur maligne, SAI"",NA,NA";;
"C418,C418,24,""Lésion à localisations contiguës des os, des articulations et du cartilage articulaire"",80003,17,""Tumeur maligne, SAI"",NA,NA";;
"C413,C413,24,""Côte, sternum, clavicule et articulations"",80003,17,""Tumeur maligne, SAI"",NA,NA";;
"C419,C419,24,Os SAI,80003,17,""Tumeur maligne, SAI"",NA,NA";;
"C40,C419,24,Os SAI,80003,17,""Tumeur maligne, SAI"",NA,NA";;
"C40,C419,24,Os SAI,80003,17,""Tumeur maligne, SAI"",NA,NA";;
"C419,C419,24,Os SAI,80003,17,""Tumeur maligne, SAI"",NA,NA";;
C795,C419,24,Os SAI,80006,17,Tumeur métastatique,NA,NA;;
D480,C419,24,Os SAI,80001,17,Tumeur de bénignité ou de malignité non assurée,NA,NA;;
"C412,C412,24,Colonne vertébrale (à l'exclusion du sacrum et coccyx),80003,17,""Tumeur maligne, SAI"",NA,NA";;
"C414,C414,24,""Os du bassin, sacrum, coccyx et cartilage articulaire"",80003,17,""Tumeur maligne, SAI"",NA,NA";;
"C410,C410,24,""Os du crâne, de la face et articulations"",80003,17,""Tumeur maligne, SAI"",NA,NA";;
"C411,C411,24,Mandibule,80003,17,""Tumeur maligne, SAI"",NA,NA";;
"C967,C424,25,Système hématopoïétique SAI,80003,17,""Tumeur maligne, SAI"",X7A0,SZ";;
"C81,C424,25,Système hématopoïétique SAI,80003,17,""Tumeur maligne, SAI"",X7A0,SZ";;
"C969,C424,25,Système hématopoïétique SAI,80003,17,""Tumeur maligne, SAI"",X7A0,SZ";;
"NA,C424,25,Système hématopoïétique SAI,80003,17,""Tumeur maligne, SAI"",X7A0,SZ";;
"C261,C422,25,Rate,80003,17,""Tumeur maligne, SAI"",NA,NA";;
"C269,C422,25,Rate,80003,17,""Tumeur maligne, SAI"",NA,NA";;
"C43,C449,26,""Peau SAI (à l'exclusion de la peau de la vulve, des grandes lèvres, du pénis, du scrotum)"",87203,16,""Mélanome malin, SAI (à l’exception du mélanome juvénile M-8770/0)"",M7A0,OT";;
"C439,C449,26,""Peau SAI (à l'exclusion de la peau de la vulve, des grandes lèvres, du pénis, du scrotum)"",87203,16,""Mélanome malin, SAI (à l’exception du mélanome juvénile M-8770/0)"",M7A0,OT";;
"C449,C449,26,""Peau SAI (à l'exclusion de la peau de la vulve, des grandes lèvres, du pénis, du scrotum)"",80003,17,""Tumeur maligne, SAI"",X7A0,OT";;
"C460,C449,26,""Peau SAI (à l'exclusion de la peau de la vulve, des grandes lèvres, du pénis, du scrotum)"",91403,15,Sarcome de Kaposi,V7R0,OT";;
"C792,C449,26,""Peau SAI (à l'exclusion de la peau de la vulve, des grandes lèvres, du pénis, du scrotum)"",80006,17,Tumeur métastatique,NA,NA";;
"NA,C449,26,""Peau SAI (à l'exclusion de la peau de la vulve, des grandes lèvres, du pénis, du scrotum)"",87202,16,Mélanome in situ,M5A0,OT";;
"NA,C449,26,""Peau SAI (à l'exclusion de la peau de la vulve, des grandes lèvres, du pénis, du scrotum)"",80102,5,""Carcinome in situ, SAI"",NA,NA";;
"D485,C449,26,""Peau SAI (à l'exclusion de la peau de la vulve, des grandes lèvres, du pénis, du scrotum)"",80001,17,Tumeur de bénignité ou de malignité non assurée,NA,NA";;
"C437,C447,26,Peau de la hanche et du membre inférieur,87203,16,""Mélanome malin, SAI (à l’exception du mélanome juvénile M-8770/0)"",NA,NA";;
"C447,C447,26,Peau de la hanche et du membre inférieur,80003,17,""Tumeur maligne, SAI"",NA,NA";;
NA,C447,26,Peau de la hanche et du membre inférieur,87202,16,Mélanome in situ,NA,NA;;
"NA,C447,26,Peau de la hanche et du membre inférieur,80102,5,""Carcinome in situ, SAI"",NA,NA";;
"C436,C446,26,Peau de l'épaule et du membre supérieur,87203,16,""Mélanome malin, SAI (à l’exception du mélanome juvénile M-8770/0)"",NA,NA";;
"C446,C446,26,Peau de l'épaule et du membre supérieur,80003,17,""Tumeur maligne, SAI"",NA,NA";;
NA,C446,26,Peau de l'épaule et du membre supérieur,87202,16,Mélanome in situ,NA,NA;;
"NA,C446,26,Peau de l'épaule et du membre supérieur,80102,5,""Carcinome in situ, SAI"",NA,NA";;
"C435,C445,26,Peau du tronc,80003,17,""Tumeur maligne, SAI"",NA,NA";;
"C445,C445,26,Peau du tronc,80003,17,""Tumeur maligne, SAI"",NA,NA";;
NA,C445,26,Peau du tronc,87202,16,Mélanome in situ,NA,NA;;
"NA,C445,26,Peau du tronc,80102,5,""Carcinome in situ, SAI"",NA,NA";;
"C438,C448,26,Lésion à localisations contiguës de la peau,87203,16,""Mélanome malin, SAI (à l’exception du mélanome juvénile M-8770/0)"",NA,NA";;
"C448,C448,26,Lésion à localisations contiguës de la peau,80003,17,""Tumeur maligne, SAI"",NA,NA";;
"C433,C443,26,Peau des autres régions et des régions non précisées de la face,87203,16,""Mélanome malin, SAI (à l’exception du mélanome juvénile M-8770/0)"",M7A0,OT";;
"C443,C443,26,Peau des autres régions et des régions non précisées de la face,80003,17,""Tumeur maligne, SAI"",X7A0,OT";;
NA,C443,26,Peau des autres régions et des régions non précisées de la face,87202,16,Mélanome in situ,M5A0,OT;;
"NA,C443,26,Peau des autres régions et des régions non précisées de la face,80102,5,""Carcinome in situ, SAI"",NA,NA";;
"C432,C442,26,Oreille externe,87203,16,""Mélanome malin, SAI (à l’exception du mélanome juvénile M-8770/0)"",NA,NA";;
"C442,C442,26,Oreille externe,80003,17,""Tumeur maligne, SAI"",NA,NA";;
NA,C442,26,Oreille externe,87202,16,Mélanome in situ,NA,NA;;
"NA,C442,26,Oreille externe,80102,5,""Carcinome in situ, SAI"",NA,NA";;
"C431,C441,26,Paupière SAI,87203,16,""Mélanome malin, SAI (à l’exception du mélanome juvénile M-8770/0)"",NA,NA";;
"C441,C441,26,Paupière SAI,80003,17,""Tumeur maligne, SAI"",NA,NA";;
NA,C441,26,Paupière SAI,87202,16,Mélanome in situ,NA,NA;;
"NA,C441,26,Paupière SAI,80102,5,""Carcinome in situ, SAI"",NA,NA";;
"C434,C444,26,Peau du crâne et du cou,87203,16,""Mélanome malin, SAI (à l’exception du mélanome juvénile M-8770/0)"",NA,NA";;
"C444,C444,26,Peau du crâne et du cou,80003,17,""Tumeur maligne, SAI"",NA,NA";;
NA,C444,26,Peau du crâne et du cou,87202,16,Mélanome in situ,NA,NA;;
"NA,C444,26,Peau du crâne et du cou,80102,5,""Carcinome in situ, SAI"",NA,NA";;
"C430,C440,26,Peau de la lèvre SAI,87203,16,""Mélanome malin, SAI (à l’exception du mélanome juvénile M-8770/0)"",NA,NA";;
"C440,C440,26,Peau de la lèvre SAI,80003,17,""Tumeur maligne, SAI"",NA,NA";;
NA,C440,26,Peau de la lèvre SAI,87202,16,Mélanome in situ,NA,NA;;
"NA,C440,26,Peau de la lèvre SAI,80102,5,""Carcinome in situ, SAI"",NA,NA";;
"C470,C470,27,""Nerfs périphériques et  système nerveux autonome de la tête, de la face et du cou"",80003,17,""Tumeur maligne, SAI"",NA,NA";;
"C478,C478,27,Lésion à localisations contiguës des nerfs périphériques et du système nerveux autonome,80003,17,""Tumeur maligne, SAI"",NA,NA";;
"C476,C476,27,Nerfs périphériques et  système nerveux autonome du tronc,80003,17,""Tumeur maligne, SAI"",NA,NA";;
"C475,C475,27,Nerfs périphériques et  système nerveux autonome du pelvis,80003,17,""Tumeur maligne, SAI"",NA,NA";;
"C47,C479,27,Système nerveux autonome SAI,80003,17,""Tumeur maligne, SAI"",NA,NA";;
"C479,C479,27,Système nerveux autonome SAI,80003,17,""Tumeur maligne, SAI"",NA,NA";;
D482,C479,27,Système nerveux autonome SAI,80001,17,Tumeur de bénignité ou de malignité non assurée,NA,NA;;
"C474,C474,27,Nerfs périphériques et  système nerveux autonome du thorax,80003,17,""Tumeur maligne, SAI"",NA,NA";;
"C473,C473,27,Nerfs périphériques et  système nerveux autonome du thorax,80003,17,""Tumeur maligne, SAI"",NA,NA";;
"C472,C472,27,Nerfs périphériques et  système nerveux autonome du membre inférieur et de la hanche,80003,17,""Tumeur maligne, SAI"",NA,NA";;
"C471,C471,27,Nerfs périphériques et  système nerveux autonome du membre supérieur et de l'épaule,80003,17,""Tumeur maligne, SAI"",NA,NA";;
"C488,C488,28,Lésion à localisations contiguës du rétropéritoine et du péritoine,80003,17,""Tumeur maligne, SAI"",NA,NA";;
C786,C488,28,Lésion à localisations contiguës du rétropéritoine et du péritoine,80006,17,Tumeur métastatique,NA,NA;;
C451,C482,28,Péritoine SAI,90503,7,Mésothéliome malin,NA,NA;;
"C482,C482,28,Péritoine SAI,80003,17,""Tumeur maligne, SAI"",X7A0,DP";;
D484,C482,28,Péritoine SAI,80001,17,Tumeur de bénignité ou de malignité non assurée,NA,NA;;
"C481,C481,28,Régions spécifiées du péritoine,80003,17,""Tumeur maligne, SAI"",NA,NA";;
"C480,C480,28,Rétropéritoine,80003,17,""Tumeur maligne, SAI"",NA,NA";;
D483,C480,28,Rétropéritoine,80001,17,Tumeur de bénignité ou de malignité non assurée,NA,NA;;
"C461,C499,29,""Tissu conjonctif, tissu sous-cutané et autres tissus mous, SAI"",91403,15,Sarcome de Kaposi,NA,NA";;
"C499,C499,29,""Tissu conjonctif, tissu sous-cutané et autres tissus mous, SAI"",80003,17,""Tumeur maligne, SAI"",NA,NA";;
"D481,C499,29,""Tissu conjonctif, tissu sous-cutané et autres tissus mous, SAI"",80001,17,Tumeur de bénignité ou de malignité non assurée,NA,NA";;
"C498,C498,29,""Lésion à localisations contiguës du tissu conjonctif, du tissu sous-cutané et autres tissus mous"",80003,17,""Tumeur maligne, SAI"",NA,NA";;
"C496,C496,29,""Tissu conjonctif, tissu sous-cutané et autres tissus mous du tronc SAI"",80003,17,""Tumeur maligne, SAI"",NA,NA";;
"C495,C495,29,""Tissu conjonctif, tissu sous-cutané et autres tissus mous du bassin"",80003,17,""Tumeur maligne, SAI"",NA,NA";;
"C494,C494,29,""Tissu conjonctif, tissu sous-cutané et autres tissus mous de l'abdomen"",80003,17,""Tumeur maligne, SAI"",NA,NA";;
"C493,C493,29,""Tissu conjonctif, tissu sous-cutané et autres tissus mous du thorax"",80003,17,""Tumeur maligne, SAI"",NA,NA";;
"C492,C492,29,""Tissu conjonctif, tissu sous-cutané et autres tissus mous de la hanche et du membre inférieur"",80003,17,""Tumeur maligne, SAI"",NA,NA";;
"C491,C491,29,""Tissu conjonctif, tissu sous-cutané et autres tissus mous de l'épaule et du membre supérieur"",80003,17,""Tumeur maligne, SAI"",NA,NA";;
"C490,C490,29,""Tissu conjonctif, tissu sous-cutané et autres tissus mous de la tête, de la face et du cou"",80003,17,""Tumeur maligne, SAI"",NA,NA";;
"C505,C505,30,Quadrant inféro-externe du sein,80003,17,""Tumeur maligne, SAI"",NA,NA";;
"C504,C504,30,Quadrant supéro-externe du sein,80003,17,""Tumeur maligne, SAI"",NA,NA";;
"C503,C503,30,Quadrant inféro-interne du sein,80003,17,""Tumeur maligne, SAI"",NA,NA";;
"C502,C502,30,Quadrant supéro-interne du sein,80003,17,""Tumeur maligne, SAI"",NA,NA";;
"C501,C501,30,Région centrale du sein,80003,17,""Tumeur maligne, SAI"",NA,NA";;
"C500,C500,30,Mamelon,80003,17,""Tumeur maligne, SAI"",NA,NA";;
"C506,C506,30,Prolongement axillaire du sein,80003,17,""Tumeur maligne, SAI"",NA,NA";;
"C508,C508,30,Lésion à localisations contiguës du sein,80003,17,""Tumeur maligne, SAI"",NA,NA";;
"C50,C509,30,Sein SAI (à l'exclusion de la peau du sein),80003,17,""Tumeur maligne, SAI"",X7A0,GS";;
"C509,C509,30,Sein SAI (à l'exclusion de la peau du sein),80003,17,""Tumeur maligne, SAI"",X7A0,GS";;
"NA,C509,30,Sein SAI (à l'exclusion de la peau du sein),80102,5,""Carcinome in situ, SAI"",NA,NA";;
D486,C509,30,Sein SAI (à l'exclusion de la peau du sein),80001,17,Tumeur de bénignité ou de malignité non assurée,NA,NA;;
"C51,C519,31,Vulve SAI,80003,17,""Tumeur maligne, SAI"",NA,NA";;
"C519,C519,31,Vulve SAI,80003,17,""Tumeur maligne, SAI"",NA,NA";;
"NA,C519,31,Vulve SAI,80102,5,""Carcinome in situ, SAI"",NA,NA";;
NA,C519,31,Vulve SAI,80001,17,Tumeur de bénignité ou de malignité non assurée,NA,NA;;
"C518,C518,31,Lésion à localisations contiguës de la vulve,80003,17,""Tumeur maligne, SAI"",NA,NA";;
"C512,C512,31,Clitoris,80003,17,""Tumeur maligne, SAI"",NA,NA";;
"C511,C511,31,Petite lèvre,80003,17,""Tumeur maligne, SAI"",NA,NA";;
"C510,C510,31,Grande lèvre,80003,17,""Tumeur maligne, SAI"",NA,NA";;
"C52,C529,32,Vagin SAI,80003,17,""Tumeur maligne, SAI"",NA,NA";;
"NA,C529,32,Vagin SAI,80102,5,""Carcinome in situ, SAI"",NA,NA";;
NA,C529,32,Vagin SAI,80001,17,Tumeur de bénignité ou de malignité non assurée,NA,NA;;
"C53,C539,33,Col utérin,80003,17,""Tumeur maligne, SAI"",NA,NA";;
"C539,C539,33,Col utérin,80003,17,""Tumeur maligne, SAI"",NA,NA";;
"NA,C539,33,Col utérin,80102,5,""Carcinome in situ, SAI"",NA,NA";;
NA,C539,33,Col utérin,80001,17,Tumeur de bénignité ou de malignité non assurée,E5S2,GC;;
NA,C539,33,Col utérin,80001,17,Tumeur de bénignité ou de malignité non assurée,E5S1,GC;;
"C538,C538,33,Lésion à localisations contiguës du col utérin,80003,17,""Tumeur maligne, SAI"",NA,NA";;
"C531,C531,33,Exocol,80003,17,""Tumeur maligne, SAI"",NA,NA";;
"NA,C531,33,Exocol,80102,5,""Carcinome in situ, SAI"",NA,NA";;
"C530,C530,33,Endocol,80003,17,""Tumeur maligne, SAI"",NA,NA";;
"NA,C530,33,Endocol,80102,5,""Carcinome in situ, SAI"",NA,NA";;
"C54,C549,34,Corps utérin,80003,17,""Tumeur maligne, SAI"",NA,NA";;
"C549,C549,34,Corps utérin,80003,17,""Tumeur maligne, SAI"",NA,NA";;
"C548,C548,34,Lésion à localisations contiguës du corps de l'utérus,80003,17,""Tumeur maligne, SAI"",NA,NA";;
"C543,C543,34,Fond utérin,80003,17,""Tumeur maligne, SAI"",NA,NA";;
"C542,C542,34,Myomètre,80003,17,""Tumeur maligne, SAI"",NA,NA";;
"C541,C541,34,Endomètre,80003,17,""Tumeur maligne, SAI"",NA,NA";;
"NA,C541,34,Endomètre,80102,5,""Carcinome in situ, SAI"",NA,NA";;
"C540,C540,34,Isthme de l'utérus,80003,17,""Tumeur maligne, SAI"",NA,NA";;
"C55,C559,35,Utérus SAI,80003,17,""Tumeur maligne, SAI"",NA,NA";;
NA,C559,35,Utérus SAI,80001,17,Tumeur de bénignité ou de malignité non assurée,NA,NA;;
"C56,C569,36,Ovaire,80003,17,""Tumeur maligne, SAI"",NA,NA";;
C796,C569,36,Ovaire,80006,17,Tumeur métastatique,NA,NA;;
NA,C569,36,Ovaire,80001,17,Tumeur de bénignité ou de malignité non assurée,NA,NA;;
"C573,C573,37,Paramètre,80003,17,""Tumeur maligne, SAI"",NA,NA";;
"C572,C572,37,Ligament rond,80003,17,""Tumeur maligne, SAI"",NA,NA";;
"C571,C571,37,Ligament large,80003,17,""Tumeur maligne, SAI"",NA,NA";;
"C570,C570,37,Trompe de Fallope,80003,17,""Tumeur maligne, SAI"",NA,NA";;
"C589,C579,37,Appareil génital féminin SAI,80003,17,""Tumeur maligne, SAI"",NA,NA";;
"C51,C579,37,Appareil génital féminin SAI,80003,17,""Tumeur maligne, SAI"",NA,NA";;
"C579,C579,37,Appareil génital féminin SAI,80003,17,""Tumeur maligne, SAI"",NA,NA";;
"NA,C579,37,Appareil génital féminin SAI,80102,5,""Carcinome in situ, SAI"",NA,NA";;
NA,C579,37,Appareil génital féminin SAI,80001,17,Tumeur de bénignité ou de malignité non assurée,NA,NA;;
"C578,C578,37,Lésion à localisations contiguës des organes,80003,17,""Tumeur maligne, SAI"",NA,NA";;
"C577,C577,37,Autres régions spécifiées des organes génitaux,80003,17,""Tumeur maligne, SAI"",NA,NA";;
"C574,C574,37,Annexes de l'utérus,80003,17,""Tumeur maligne, SAI"",NA,NA";;
"C58,C589,38,Placenta,80003,17,""Tumeur maligne, SAI"",NA,NA";;
NA,C589,38,Placenta,80001,17,Tumeur de bénignité ou de malignité non assurée,NA,NA;;
"C601,C601,39,Gland,80003,17,""Tumeur maligne, SAI"",NA,NA";;
"C602,C602,39,Corps de la verge,80003,17,""Tumeur maligne, SAI"",NA,NA";;
"C600,C600,39,Prépuce,80003,17,""Tumeur maligne, SAI"",NA,NA";;
"C60,C609,39,Verge SAI,80003,17,""Tumeur maligne, SAI"",NA,NA";;
"C609,C609,39,Verge SAI,80003,17,""Tumeur maligne, SAI"",NA,NA";;
"NA,C609,39,Verge SAI,80102,5,""Carcinome in situ, SAI"",NA,NA";;
"C608,C608,39,Lésion à localisations contiguës de la verge,80003,17,""Tumeur maligne, SAI"",NA,NA";;
"C61,C619,40,Glande prostatique,80003,17,""Tumeur maligne, SAI"",NA,NA";;
"NA,C619,40,Glande prostatique,80102,5,""Carcinome in situ, SAI"",NA,NA";;
NA,C619,40,Glande prostatique,80001,17,Tumeur de bénignité ou de malignité non assurée,NA,NA;;
"C62,C629,41,Testicule SAI,80003,17,""Tumeur maligne, SAI"",NA,NA";;
"C629,C629,41,Testicule SAI,80003,17,""Tumeur maligne, SAI"",NA,NA";;
NA,C629,41,Testicule SAI,80001,17,Tumeur de bénignité ou de malignité non assurée,NA,NA;;
"C621,C621,41,Testicule intra-scrotal,80003,17,""Tumeur maligne, SAI"",NA,NA";;
"C620,C620,41,Testicule ectopique (en tant que localisation néoplasique),80003,17,""Tumeur maligne, SAI"",NA,NA";;
"C630,C630,39,Épididyme,80003,17,""Tumeur maligne, SAI"",NA,NA";;
"C60,C639,39,Organes génitaux masculins SAI,80003,17,""Tumeur maligne, SAI"",NA,NA";;
"C639,C639,39,Organes génitaux masculins SAI,80003,17,""Tumeur maligne, SAI"",NA,NA";;
"NA,C639,39,Organes génitaux masculins SAI,80102,5,""Carcinome in situ, SAI"",NA,NA";;
NA,C639,39,Organes génitaux masculins SAI,80001,17,Tumeur de bénignité ou de malignité non assurée,NA,NA;;
"C638,C638,39,Lésion à localisations contiguës des organes masculins,80003,17,""Tumeur maligne, SAI"",NA,NA";;
"C637,C637,39,Autres régions spécifiées des organes génitaux masculins,80003,17,""Tumeur maligne, SAI"",NA,NA";;
"C632,C632,39,Scrotum SAI,80003,17,""Tumeur maligne, SAI"",NA,NA";;
"C631,C631,39,Cordon spermatique,80003,17,""Tumeur maligne, SAI"",NA,NA";;
"C64,C649,42,Rein SAI,80003,17,""Tumeur maligne, SAI"",NA,NA";;
NA,C649,42,Rein SAI,80001,17,Tumeur de bénignité ou de malignité non assurée,NA,NA;;
"C65,C659,43,Bassinet,80003,17,""Tumeur maligne, SAI"",NA,NA";;
NA,C659,43,Bassinet,80001,17,Tumeur de bénignité ou de malignité non assurée,NA,NA;;
"C66,C669,43,Uretère,80003,17,""Tumeur maligne, SAI"",NA,NA";;
NA,C669,43,Uretère,80001,17,Tumeur de bénignité ou de malignité non assurée,NA,NA;;
"C676,C676,43,Orifice urétéral,80003,17,""Tumeur maligne, SAI"",NA,NA";;
"C674,C674,43,Paroi postérieure de la vessie,80003,17,""Tumeur maligne, SAI"",NA,NA";;
"C677,C677,43,Ouraque,80003,17,""Tumeur maligne, SAI"",NA,NA";;
"C673,C673,43,Paroi antérieure de la vessie,80003,17,""Tumeur maligne, SAI"",NA,NA";;
"C672,C672,43,Paroi latérale de la vessie,80003,17,""Tumeur maligne, SAI"",NA,NA";;
"C671,C671,43,Dôme de la vessie,80003,17,""Tumeur maligne, SAI"",NA,NA";;
"C675,C675,43,Col vésical,80003,17,""Tumeur maligne, SAI"",NA,NA";;
"C670,C670,43,Trigone de la vessie,80003,17,""Tumeur maligne, SAI"",NA,NA";;
"C67,C679,43,Vessie SAI,80003,17,""Tumeur maligne, SAI"",NA,NA";;
"C679,C679,43,Vessie SAI,80003,17,""Tumeur maligne, SAI"",NA,NA";;
"NA,C679,43,Vessie SAI,80102,5,""Carcinome in situ, SAI"",NA,NA";;
"C678,C678,43,Lésion à localisations contiguës de la vessie,80003,17,""Tumeur maligne, SAI"",NA,NA";;
"C689,C689,43,Appareil urinaire SAI,80003,17,""Tumeur maligne, SAI"",NA,NA";;
C790,C689,43,Appareil urinaire SAI,80006,17,Tumeur métastatique,NA,NA;;
C791,C689,43,Appareil urinaire SAI,80006,17,Tumeur métastatique,NA,NA;;
"NA,C689,43,Appareil urinaire SAI,80102,5,""Carcinome in situ, SAI"",NA,NA";;
NA,C689,43,Appareil urinaire SAI,80001,17,Tumeur de bénignité ou de malignité non assurée,NA,NA;;
"C688,C688,43,Lésion à localisations contiguës de l' appareil urinaire,80003,17,""Tumeur maligne, SAI"",NA,NA";;
"C681,C681,43,Glande para-urétrale,80003,17,""Tumeur maligne, SAI"",NA,NA";;
"C680,C680,43,Urètre,80003,17,""Tumeur maligne, SAI"",NA,NA";;
NA,C680,43,Urètre,80001,17,Tumeur de bénignité ou de malignité non assurée,NA,NA;;
"C699,C699,44,Œil SAI,80003,17,""Tumeur maligne, SAI"",NA,NA";;
"NA,C699,44,Œil SAI,80102,5,""Carcinome in situ, SAI"",NA,NA";;
"C698,C698,44,Lésion à localisations contiguës de l'œil et des annexes,80003,17,""Tumeur maligne, SAI"",NA,NA";;
"C696,C696,44,Orbite SAI,80003,17,""Tumeur maligne, SAI"",NA,NA";;
"C695,C695,44,Glande lacrymale,80003,17,""Tumeur maligne, SAI"",NA,NA";;
"C694,C694,44,Corps ciliaire,80003,17,""Tumeur maligne, SAI"",NA,NA";;
"C693,C693,44,Choroïde,80003,17,""Tumeur maligne, SAI"",NA,NA";;
"C692,C692,44,Rétine,80003,17,""Tumeur maligne, SAI"",NA,NA";;
"C691,C691,44,Cornée SAI,80003,17,""Tumeur maligne, SAI"",NA,NA";;
"C690,C690,44,Conjonctive,80003,17,""Tumeur maligne, SAI"",NA,NA";;
"C70,C709,45,Méninges SAI,80003,17,""Tumeur maligne, SAI"",NA,NA";;
"C709,C709,45,Méninges SAI,80003,17,""Tumeur maligne, SAI"",NA,NA";;
NA,C709,45,Méninges SAI,80000,17,Tumeur bénigne,NA,NA;;
NA,C709,45,Méninges SAI,80001,17,Tumeur de bénignité ou de malignité non assurée,NA,NA;;
"C701,C701,45,Méninges rachidiennes,80003,17,""Tumeur maligne, SAI"",NA,NA";;
NA,C701,45,Méninges rachidiennes,80000,17,Tumeur bénigne,NA,NA;;
NA,C701,45,Méninges rachidiennes,80001,17,Tumeur de bénignité ou de malignité non assurée,NA,NA;;
"C700,C700,45,Méninges cérébrales,80003,17,""Tumeur maligne, SAI"",NA,NA";;
NA,C700,45,Méninges cérébrales,80000,17,Tumeur bénigne,NA,NA;;
NA,C700,45,Méninges cérébrales,80001,17,Tumeur de bénignité ou de malignité non assurée,NA,NA;;
"C718,C718,46,Lésion à localisations contiguës du cerveau,80003,17,""Tumeur maligne, SAI"",NA,NA";;
"C717,C717,46,Tronc cérébral,80003,17,""Tumeur maligne, SAI"",NA,NA";;
"C716,C716,46,Cervelet SAI,80003,17,""Tumeur maligne, SAI"",NA,NA";;
"C715,C715,46,Ventricule SAI,80003,17,""Tumeur maligne, SAI"",NA,NA";;
"C714,C714,46,Lobe occipital,80003,17,""Tumeur maligne, SAI"",NA,NA";;
"C713,C713,46,Lobe pariétal,80003,17,""Tumeur maligne, SAI"",NA,NA";;
"C712,C712,46,Lobe temporal,80003,17,""Tumeur maligne, SAI"",NA,NA";;
"C711,C711,46,Lobe frontal,80003,17,""Tumeur maligne, SAI"",NA,NA";;
"C710,C710,46,Cerveau,80003,17,""Tumeur maligne, SAI"",NA,NA";;
NA,C710,46,Cerveau,80001,17,Tumeur de bénignité ou de malignité non assurée,NA,NA;;
"C71,C719,46,Encéphale SAI,80003,17,""Tumeur maligne, SAI"",NA,NA";;
"C719,C719,46,Encéphale SAI,80003,17,""Tumeur maligne, SAI"",NA,NA";;
C793,C719,46,Encéphale SAI,80006,17,Tumeur métastatique,NA,NA;;
NA,C719,46,Encéphale SAI,80000,17,Tumeur bénigne,NA,NA;;
"C721,C721,47,Queue de cheval,80003,17,""Tumeur maligne, SAI"",NA,NA";;
"C722,C722,47,Nerf olfactif,80003,17,""Tumeur maligne, SAI"",NA,NA";;
"C728,C728,47,Lésion à localisations contiguës du cerveau et du système nerveux central,80003,17,""Tumeur maligne, SAI"",NA,NA";;
"C724,C724,47,Nerf acoustique (vestibulo-cochléaire),80003,17,""Tumeur maligne, SAI"",NA,NA";;
"C729,C729,47,Système nerveux SAI,80003,17,""Tumeur maligne, SAI"",NA,NA";;
C794,C729,47,Système nerveux SAI,80006,17,Tumeur métastatique,NA,NA;;
NA,C729,47,Système nerveux SAI,80000,17,Tumeur bénigne,NA,NA;;
NA,C729,47,Système nerveux SAI,80001,17,Tumeur de bénignité ou de malignité non assurée,NA,NA;;
"C723,C723,47,Nerf optique,80003,17,""Tumeur maligne, SAI"",NA,NA";;
"C725,C725,47,Nerf crânien SAI,80003,17,""Tumeur maligne, SAI"",NA,NA";;
NA,C725,47,Nerf crânien SAI,80000,17,Tumeur bénigne,NA,NA;;
NA,C725,47,Nerf crânien SAI,80001,17,Tumeur de bénignité ou de malignité non assurée,NA,NA;;
"C720,C720,47,Moelle épinière,80003,17,""Tumeur maligne, SAI"",NA,NA";;
NA,C720,47,Moelle épinière,80000,17,Tumeur bénigne,NA,NA;;
NA,C720,47,Moelle épinière,80001,17,Tumeur de bénignité ou de malignité non assurée,NA,NA;;
"C73,C739,48,Glande thyroïde,80003,17,""Tumeur maligne, SAI"",X7A0,ET";;
NA,C739,48,Glande thyroïde,80001,17,Tumeur de bénignité ou de malignité non assurée,NA,NA;;
"C74,C749,49,Glande surrénale SAI,80003,17,""Tumeur maligne, SAI"",NA,NA";;
"C749,C749,49,Glande surrénale SAI,80003,17,""Tumeur maligne, SAI"",NA,NA";;
C797,C749,49,Glande surrénale SAI,80006,17,Tumeur métastatique,NA,NA;;
NA,C749,49,Glande surrénale SAI,80001,17,Tumeur de bénignité ou de malignité non assurée,NA,NA;;
"C741,C741,49,Médullosurrénale,80003,17,""Tumeur maligne, SAI"",NA,NA";;
"C740,C740,49,Cortex surrénalien,80003,17,""Tumeur maligne, SAI"",NA,NA";;
"C751,C751,49,Glande hypophysaire,80003,17,""Tumeur maligne, SAI"",NA,NA";;
NA,C751,49,Glande hypophysaire,80001,17,Tumeur de bénignité ou de malignité non assurée,NA,NA;;
"C750,C750,49,Glande parathyroïde,80003,17,""Tumeur maligne, SAI"",NA,NA";;
NA,C750,49,Glande parathyroïde,80001,17,Tumeur de bénignité ou de malignité non assurée,NA,NA;;
"C759,C759,49,Glande endocrine SAI,80003,17,""Tumeur maligne, SAI"",X7A0,EZ";;
"NA,C759,49,Glande endocrine SAI,80102,5,""Carcinome in situ, SAI"",NA,NA";;
NA,C759,49,Glande endocrine SAI,80001,17,Tumeur de bénignité ou de malignité non assurée,NA,NA;;
"C758,C758,49,Lésion à localisations contiguës des glandes endocrines,80003,17,""Tumeur maligne, SAI"",NA,NA";;
NA,C758,49,Lésion à localisations contiguës des glandes endocrines,80001,17,Tumeur de bénignité ou de malignité non assurée,NA,NA;;
"C755,C755,49,Corpuscule aortique et autres paraganglions,80003,17,""Tumeur maligne, SAI"",NA,NA";;
NA,C755,49,Corpuscule aortique et autres paraganglions,80001,17,Tumeur de bénignité ou de malignité non assurée,NA,NA;;
"C754,C754,49,Corpuscule carotidien,80003,17,""Tumeur maligne, SAI"",NA,NA";;
NA,C754,49,Corpuscule carotidien,80001,17,Tumeur de bénignité ou de malignité non assurée,NA,NA;;
"C753,C753,49,Glande pinéale,80003,17,""Tumeur maligne, SAI"",NA,NA";;
NA,C753,49,Glande pinéale,80001,17,Tumeur de bénignité ou de malignité non assurée,NA,NA;;
"C752,C752,49,Canal craniopharyngé,80003,17,""Tumeur maligne, SAI"",NA,NA";;
NA,C752,49,Canal craniopharyngé,80001,17,Tumeur de bénignité ou de malignité non assurée,NA,NA;;
"C768,C768,50,Lésion à localisations contiguës des régions mal définies,80003,17,""Tumeur maligne, SAI"",NA,NA";;
"C76,C767,50,Autres régions mal définies,80003,17,""Tumeur maligne, SAI"",NA,NA";;
"C767,C767,50,Autres régions mal définies,80003,17,""Tumeur maligne, SAI"",NA,NA";;
"C765,C765,50,Membre inférieur SAI,80003,17,""Tumeur maligne, SAI"",NA,NA";;
"C764,C764,50,Membre supérieur SAI,80003,17,""Tumeur maligne, SAI"",NA,NA";;
"C763,C763,50,Bassin SAI,80003,17,""Tumeur maligne, SAI"",NA,NA";;
"C762,C762,50,Abdomen SAI,80003,17,""Tumeur maligne, SAI"",NA,NA";;
"C761,C761,50,Thorax SAI,80003,17,""Tumeur maligne, SAI"",NA,NA";;
"C760,C760,50,""Tête, face ou cou SAI"",80003,17,""Tumeur maligne, SAI"",NA,NA";;
C771,C771,51,Ganglions lymphatiques intra-thoraciques,80006,17,Tumeur métastatique,NA,NA;;
"C770,C770,51,""Ganglions lymphatiques de la tête, de la face et du cou"",80006,17,Tumeur métastatique,NA,NA";;
C463,C779,51,Ganglion lymphatique SAI,91403,15,Sarcome de Kaposi,NA,NA;;
"C77,C779,51,Ganglion lymphatique SAI,80003,17,""Tumeur maligne, SAI"",X7A0,SG";;
"C779,C779,51,Ganglion lymphatique SAI,80003,17,""Tumeur maligne, SAI"",X7A0,SG";;
C77,C779,51,Ganglion lymphatique SAI,80006,17,Tumeur métastatique,NA,NA;;
C779,C779,51,Ganglion lymphatique SAI,80006,17,Tumeur métastatique,NA,NA;;
C778,C778,51,Ganglions lymphatiques de régions multiples,80006,17,Tumeur métastatique,NA,NA;;
C775,C775,51,Ganglions lymphatiques pelviens,80006,17,Tumeur métastatique,NA,NA;;
C774,C774,51,Ganglions lymphatiques de la région inguinale ou de la jambe,80006,17,Tumeur métastatique,NA,NA;;
C773,C773,51,Ganglions lymphatiques de l'aisselle ou du bras,80006,17,Tumeur métastatique,NA,NA;;
C772,C772,51,Ganglions lymphatiques intra-abdominaux,80006,17,Tumeur métastatique,NA,NA;;
"NA,C809,52,Siège primaire non précisé,96873,9,""Lymphome de Burkitt, SAI (voir aussi M-9826/3)"",NA,NA";;
"NA,C809,52,Siège primaire non précisé,95913,14,""Lymphome malin non-hodgkinien, SAI"",NA,NA";;
C457,C809,52,Siège primaire non précisé,90503,7,Mésothéliome malin,NA,NA;;
C45,C809,52,Siège primaire non précisé,90503,7,Mésothéliome malin,NA,NA;;
C459,C809,52,Siège primaire non précisé,90503,7,Mésothéliome malin,NA,NA;;
C467,C809,52,Siège primaire non précisé,91403,15,Sarcome de Kaposi,NA,NA;;
C468,C809,52,Siège primaire non précisé,91403,15,Sarcome de Kaposi,NA,NA;;
C46,C809,52,Siège primaire non précisé,91403,15,Sarcome de Kaposi,NA,NA;;
C469,C809,52,Siège primaire non précisé,91403,15,Sarcome de Kaposi,NA,NA;;
"C78,C809,52,Siège primaire non précisé,80003,17,""Tumeur maligne, SAI"",NA,NA";;
C798,C809,52,Siège primaire non précisé,80006,17,Tumeur métastatique,NA,NA;;
"C979,C809,52,Siège primaire non précisé,80003,17,""Tumeur maligne, SAI"",NA,NA";;
"C00,C809,52,Siège primaire non précisé,80003,17,""Tumeur maligne, SAI"",NA,NA";;
"C80,C809,52,Siège primaire non précisé,80003,17,""Tumeur maligne, SAI"",NA,NA";;
"NA,C809,52,Siège primaire non précisé,80003,17,""Tumeur maligne, SAI"",NA,NA";;
"NA,C809,52,Siège primaire non précisé,96983,9,""Lymphome folliculaire, grade 3"",NA,NA";;
C810,C809,52,Siège primaire non précisé,96513,11,Lymphome de Hodgkin riche en lymphocytes,NA,NA;;
"C811,C809,52,Siège primaire non précisé,96633,11,""Lymphome de Hodgkin, sclérose nodulaire, SAI"",NA,NA";;
"C812,C809,52,Siège primaire non précisé,96523,11,""Lymphome de Hodgkin, à cellularité mixte, SAI"",NA,NA";;
"C813,C809,52,Siège primaire non précisé,96533,11,""Lymphome de Hodgkin, à déplétion lymphoïde, SAI"",NA,NA";;
"C817,C809,52,Siège primaire non précisé,96503,11,""Lymphome de Hodgkin, SAI"",NA,NA";;
"C81,C809,52,Siège primaire non précisé,96503,11,""Lymphome de Hodgkin, SAI"",NA,NA";;
"C819,C809,52,Siège primaire non précisé,96503,11,""Lymphome de Hodgkin, SAI"",NA,NA";;
"C820,C809,52,Siège primaire non précisé,96953,9,""Lymphome folliculaire, grade 1"",NA,NA";;
"C821,C809,52,Siège primaire non précisé,96913,9,""Lymphome folliculaire, grade 2"",NA,NA";;
"C827,C809,52,Siège primaire non précisé,96993,9,""Lymphome de la zone marginale à cellules B, SAI"",NA,NA";;
"C82,C809,52,Siège primaire non précisé,96903,9,""Lymphome folliculaire, SAI (voir aussi M-9675/3)"",NA,NA";;
"C829,C809,52,Siège primaire non précisé,96903,9,""Lymphome folliculaire, SAI (voir aussi M-9675/3)"",NA,NA";;
"C830,C809,52,Siège primaire non précisé,96703,9,""Lymphome malin à petits lymphocytes B, SAI (voir aussi M-9823/3)"",NA,NA";;
"C831,C809,52,Siège primaire non précisé,95913,14,""Lymphome malin non-hodgkinien, SAI"",NA,NA";;
"C859,C809,52,Siège primaire non précisé,95913,14,""Lymphome malin non-hodgkinien, SAI"",NA,NA";;
C832,C809,52,Siège primaire non précisé,96753,9,Lymphome malin diffus mixte à petites et grandes cellules [obs] (voir aussi M-9690/3),NA,NA;;
"C833,C809,52,Siège primaire non précisé,96803,9,""Lymphome malin diffus à grandes cellules B, SAI"",NA,NA";;
"C834,C809,52,Siège primaire non précisé,96843,9,""Lymphome malin immunoblastique diffus à grandes cellules B, SAI"",NA,NA";;
"C835,C809,52,Siège primaire non précisé,97273,14,""Lymphome lymphoblastique à cellules précurseurs, SAI (voir aussi M-9835/3)"",NA,NA";;
"C836,C809,52,Siège primaire non précisé,95913,14,""Lymphome malin non-hodgkinien, SAI"",NA,NA";;
"C837,C809,52,Siège primaire non précisé,96873,9,""Lymphome de Burkitt, SAI (voir aussi M-9826/3)"",NA,NA";;
"C838,C809,52,Siège primaire non précisé,95913,14,""Lymphome malin non-hodgkinien, SAI"",NA,NA";;
"C83,C809,52,Siège primaire non précisé,95913,14,""Lymphome malin non-hodgkinien, SAI"",NA,NA";;
"C839,C809,52,Siège primaire non précisé,95913,14,""Lymphome malin non-hodgkinien, SAI"",NA,NA";;
C840,C809,52,Siège primaire non précisé,97003,10,Mycosis fongoïde (C44.-),NA,NA;;
C841,C809,52,Siège primaire non précisé,97013,10,Maladie de Sézary,NA,NA;;
"C842,C809,52,Siège primaire non précisé,97023,10,""Lymphome à cellules T matures, SAI"",NA,NA";;
"C843,C809,52,Siège primaire non précisé,97093,10,""Lymphome cutané à cellules T, SAI (C44.-)"",NA,NA";;
"C844,C809,52,Siège primaire non précisé,97023,10,""Lymphome à cellules T matures, SAI"",NA,NA";;
"C845,C809,52,Siège primaire non précisé,95913,14,""Lymphome malin non-hodgkinien, SAI"",NA,NA";;
"C850,C809,52,Siège primaire non précisé,95913,14,""Lymphome malin non-hodgkinien, SAI"",NA,NA";;
"C851,C809,52,Siège primaire non précisé,95913,14,""Lymphome malin non-hodgkinien, SAI"",NA,NA";;
"C857,C809,52,Siège primaire non précisé,95913,14,""Lymphome malin non-hodgkinien, SAI"",NA,NA";;
C880,C809,52,Siège primaire non précisé,97613,9,Macroglobulinémie de Waldenström (C42.0) (voir aussi M-9671/3),NA,NA;;
"C883,C809,52,Siège primaire non précisé,97623,9,""Maladie des chaînes lourdes, SAI"",NA,NA";;
"C881,C809,52,Siège primaire non précisé,97623,9,""Maladie des chaînes lourdes, SAI"",NA,NA";;
C883,C809,52,Siège primaire non précisé,97643,9,Maladie immunoproliférative de l’intestin grêle (C17.-),NA,NA;;
C881,C809,52,Siège primaire non précisé,97643,9,Maladie immunoproliférative de l’intestin grêle (C17.-),NA,NA;;
"C882,C809,52,Siège primaire non précisé,97623,9,""Maladie des chaînes lourdes, SAI"",NA,NA";;
"C887,C809,52,Siège primaire non précisé,97603,14,""Maladie immunoproliférative, SAI"",NA,NA";;
"C88,C809,52,Siège primaire non précisé,97603,14,""Maladie immunoproliférative, SAI"",NA,NA";;
"C889,C809,52,Siège primaire non précisé,97603,14,""Maladie immunoproliférative, SAI"",NA,NA";;
C900,C809,52,Siège primaire non précisé,97323,9,Myélome multiple (C42.1),NA,NA;;
C901,C809,52,Siège primaire non précisé,97333,9,Leucémie à plasmocytes (C42.1),NA,NA;;
"C902,C809,52,Siège primaire non précisé,97313,9,""Plasmocytome, SAI"",NA,NA";;
"C910,C809,52,Siège primaire non précisé,98353,14,""Leucémie lymphoblastique à cellules précurseurs, SAI (voir aussi M-9727/3)"",NA,NA";;
C911,C809,52,Siège primaire non précisé,98233,9,Leucémie lymphoïde chronique à cellules B/lymphome à petits lymphocytes (voir aussi M-9670/3),NA,NA;;
"C912,C809,52,Siège primaire non précisé,98203,14,""Leucémie lymphoïde, SAI"",NA,NA";;
"C913,C809,52,Siège primaire non précisé,98323,14,""Leucémie prolymphocytaire, SAI"",NA,NA";;
C914,C809,52,Siège primaire non précisé,99403,9,Leucémie à tricholeucocytes (C42.1),NA,NA;;
"C915,C809,52,Siège primaire non précisé,98273,10,""Leucémie/lymphome à cellules T, type adulte (HTLV-1 positif) incluant toutes les variétés"",NA,NA";;
"C917,C809,52,Siège primaire non précisé,98203,14,""Leucémie lymphoïde, SAI"",NA,NA";;
"C91,C809,52,Siège primaire non précisé,98203,14,""Leucémie lymphoïde, SAI"",NA,NA";;
"C919,C809,52,Siège primaire non précisé,98203,14,""Leucémie lymphoïde, SAI"",NA,NA";;
"C920,C809,52,Siège primaire non précisé,98613,8,""Leucémie aiguë myéloïde, SAI (type FAB ou OMS  non précisé) (voir aussi M-9930/3)"",NA,NA";;
"C921,C809,52,Siège primaire non précisé,98633,8,""Leucémie myéloïde chronique, SAI"",NA,NA";;
"C922,C809,52,Siège primaire non précisé,98603,14,""Leucémie myéloïde, SAI"",NA,NA";;
C923,C809,52,Siège primaire non précisé,99303,8,Sarcome myéloïde (voir aussi M-9861/3),NA,NA;;
"C924,C809,52,Siège primaire non précisé,98663,8,""Leucémie promyélocytaire aiguë, t(15";17)(q22;"q11-12)"",NA,NA"
C925,C809,52,Siège primaire non précisé,98673,8,Leucémie aiguë myélomonocytaire,NA,NA;;
"C927,C809,52,Siège primaire non précisé,98603,14,""Leucémie myéloïde, SAI"",NA,NA";;
"C92,C809,52,Siège primaire non précisé,98603,14,""Leucémie myéloïde, SAI"",NA,NA";;
"C929,C809,52,Siège primaire non précisé,98603,14,""Leucémie myéloïde, SAI"",NA,NA";;
C930,C809,52,Siège primaire non précisé,98913,8,Leucémie aiguë monocytaire,NA,NA;;
"C931,C809,52,Siège primaire non précisé,99453,8,""Leucémie chronique myélomonocytaire, SAI"",NA,NA";;
"C932,C809,52,Siège primaire non précisé,98603,14,""Leucémie myéloïde, SAI"",NA,NA";;
"C93,C809,52,Siège primaire non précisé,98603,14,""Leucémie myéloïde, SAI"",NA,NA";;
"C939,C809,52,Siège primaire non précisé,98603,14,""Leucémie myéloïde, SAI"",NA,NA";;
"C940,C809,52,Siège primaire non précisé,98403,8,""Leucémie myéloïde aiguë, type M6"",NA,NA";;
C941,C809,52,Siège primaire non précisé,99503,8,Polycythémie vraie,NA,NA;;
C942,C809,52,Siège primaire non précisé,99103,8,Leucémie mégacaryoblastique aiguë,NA,NA;;
C943,C809,52,Siège primaire non précisé,97423,12,Leucémie à mastocytes (C42.1),NA,NA;;
C945,C809,52,Siège primaire non précisé,99313,8,Panmyélose aiguë avec myélofibrose (C42.1),NA,NA;;
C944,C809,52,Siège primaire non précisé,99313,8,Panmyélose aiguë avec myélofibrose (C42.1),NA,NA;;
C947,C809,52,Siège primaire non précisé,99483,10,Leucémie agressive à cellules NK,NA,NA;;
"C950,C809,52,Siège primaire non précisé,98013,14,""Leucémie aiguë, SAI"",NA,NA";;
"C951,C809,52,Siège primaire non précisé,98003,14,""Leucémie, SAI"",NA,NA";;
"C952,C809,52,Siège primaire non précisé,98003,14,""Leucémie, SAI"",NA,NA";;
"C957,C809,52,Siège primaire non précisé,98003,14,""Leucémie, SAI"",NA,NA";;
"C95,C809,52,Siège primaire non précisé,98003,14,""Leucémie, SAI"",NA,NA";;
"C959,C809,52,Siège primaire non précisé,98003,14,""Leucémie, SAI"",NA,NA";;
"C960,C809,52,Siège primaire non précisé,97543,13,""Histiocytose à cellules de Langerhans, disséminée"",NA,NA";;
C961,C809,52,Siège primaire non précisé,97503,13,Histiocytose maligne,NA,NA;;
"C962,C809,52,Siège primaire non précisé,97401,12,""Mastocytome, SAI"",NA,NA";;
C963,C809,52,Siège primaire non précisé,97553,13,Sarcome histiocytaire,NA,NA;;
"C979,C809,52,Siège primaire non précisé,80003,17,""Tumeur maligne, SAI"",NA,NA";;
"C97,C809,52,Siège primaire non précisé,80003,17,""Tumeur maligne, SAI"",NA,NA";;
"NA,C809,52,Siège primaire non précisé,80102,5,""Carcinome in situ, SAI"",NA,NA";;
NA,C809,52,Siège primaire non précisé,87202,16,Mélanome in situ,NA,NA;;
NA,C809,52,Siège primaire non précisé,80001,17,Tumeur de bénignité ou de malignité non assurée,NA,NA;;
NA,C809,52,Siège primaire non précisé,99503,8,Polycythémie vraie,NA,NA;;
NA,C809,52,Siège primaire non précisé,99803,8,Anémie réfractaire,NA,NA;;
NA,C809,52,Siège primaire non précisé,99823,8,Anémie réfractaire avec sidéroblastes,NA,NA;;
NA,C809,52,Siège primaire non précisé,99833,8,Anémie réfractaire avec excès de blastes,NA,NA;;
"NA,C809,52,Siège primaire non précisé,98603,14,""Leucémie myéloïde, SAI"",NA,NA";;
"NA,C809,52,Siège primaire non précisé,99893,14,""Syndrome myélodysplasique, SAI"",NA,NA";;
"NA,C809,52,Siège primaire non précisé,97401,12,""Mastocytome, SAI"",NA,NA";;
"NA,C809,52,Siège primaire non précisé,99603,14,""Maladie myéloproliférative chronique, SAI"",NA,NA";;
NA,C809,52,Siège primaire non précisé,97651,9,Gammapathie monoclonale de signification indéterminée,NA,NA;;
NA,C809,52,Siège primaire non précisé,99623,8,Thrombocythémie essentielle,NA,NA;;
D487,C809,52,Siège primaire non précisé,80001,17,Tumeur de bénignité ou de malignité non assurée,NA,NA;;
D489,C809,52,Siège primaire non précisé,80001,17,Tumeur de bénignité ou de malignité non assurée,NA,NA;;
NA,C809,52,Siège primaire non précisé,98311,10,Leucémie lymphoïde à grandes cellules T granuleuses,NA,NA;;
NA,C809,52,Siège primaire non précisé,97183,10,Syndrome lymphoprolifératif cutané primitif à cellules T CD30+,NA,NA;;
"NA,C069,1,Bouche SAI,80703,1,""Carcinome épidermoïde, SAI"",E7A0,BX";;
"NA,C449,26,""Peau SAI (à l'exclusion de la peau de la vulve, des grandes lèvres, du pénis, du scrotum)"",80903,2,""Carcinome basocellulaire, SAI (C44.-)"",B7A0,OT";;
"NA,C443,26,Peau des autres régions et des régions non précisées de la face,80903,2,""Carcinome basocellulaire, SAI (C44.-)"",B7A0,OT";;
"NA,C449,26,""Peau SAI (à l'exclusion de la peau de la vulve, des grandes lèvres, du pénis, du scrotum)"",80703,1,""Carcinome épidermoïde, SAI"",E7A0,OT";;
"NA,C443,26,Peau des autres régions et des régions non précisées de la face,80703,1,""Carcinome épidermoïde, SAI"",E7A0,OT";;
"NA,C189,10,Côlon SAI,81403,3,""Adénocarcinome, SAI"",A7A0,DC";;
"NA,C710,46,Cerveau,94403,16,""Glioblastome, SAI (C71.-)"",N7X0,NH";;
"NA,C619,40,Glande prostatique,81403,3,""Adénocarcinome, SAI"",A7A2,HP";;
"NA,C679,43,Vessie SAI,81203,1,""Carcinome à cellules transitionnelles, SAI"",U7G3,UV";;
"NA,C679,43,Vessie SAI,81203,1,""Carcinome à cellules transitionnelles, SAI"",U7H3,UV";;
NA,C679,43,Vessie SAI,81302,1,Carcinome transitionnel papillaire non invasif (C67.-),U5D2,UV;;
"NA,C649,42,Rein SAI,81203,1,""Carcinome à cellules transitionnelles, SAI"",U7H2,UR";;
"NA,C449,26,""Peau SAI (à l'exclusion de la peau de la vulve, des grandes lèvres, du pénis, du scrotum)"",84093,3,Porome eccrine malin,S7F6,OT";;
NA,C443,26,Peau des autres régions et des régions non précisées de la face,84093,3,Porome eccrine malin,S7F6,OT;;
"NA,C679,43,Vessie SAI,81203,1,""Carcinome à cellules transitionnelles, SAI"",U7A3,UV";;
NA,C139,5,Hypopharynx SAI,81202,1,Carcinome à cellules transitionnelles in situ,U5A0,AH;;
"NA,C189,10,Côlon SAI,81400,3,""Adénome, SAI"",A0A0,DC";;
"NA,C329,19,Larynx SAI,80703,1,""Carcinome épidermoïde, SAI"",E7A0,AL";;
"NA,C169,8,Estomac SAI,81403,3,""Adénocarcinome, SAI"",A7A0,DE";;
"NA,C209,11,Rectum SAI,81403,3,""Adénocarcinome, SAI"",A7A0,DR";;
NA,C679,43,Vessie SAI,81301,1,Tumeur transitionnelle papillaire à faible potentiel malin (C67.-),U5D1,UV;;
"NA,C349,20,Poumon SAI,80413,4,""Carcinome à petites cellules, SAI"",S7Z4,RB";;
"NA,C649,42,Rein SAI,83103,3,""Adénocarcinome à cellules claires, SAI"",A7K2,UR";;
"NA,C649,42,Rein SAI,82630,3,""Adénome tubulovilleux, SAI"",A0F2,UR";;
"NA,C220,13,Foie,81703,4,""Carcinome hépatocellulaire, SAI (C22.0)"",A7H5,FF";;
NA,C679,43,Vessie SAI,81202,1,Carcinome à cellules transitionnelles in situ,U5A0,UV;;
NA,C679,43,Vessie SAI,81302,1,Carcinome transitionnel papillaire non invasif (C67.-),U5D3,UV;;
"NA,C349,20,Poumon SAI,80413,4,""Carcinome à petites cellules, SAI"",S7Z4,RP";;
"NA,C009,1,Lèvre SAI (à l'exclusion de la peau de la lèvre),80703,1,""Carcinome épidermoïde, SAI"",E7A0,BV";;
"NA,C619,40,Glande prostatique,81403,3,""Adénocarcinome, SAI"",A7A3,HP";;
"NA,C349,20,Poumon SAI,80703,1,""Carcinome épidermoïde, SAI"",E7A0,RB";;
"NA,C390,23,Voies respiratoires supérieures SAI,80703,1,""Carcinome épidermoïde, SAI"",E7T3,AZ";;
"NA,C329,19,Larynx SAI,80713,1,""Carcinome épidermoïde kératinisant, SAI"",E7T2,AL";;
"NA,C619,40,Glande prostatique,81203,1,""Carcinome à cellules transitionnelles, SAI"",U7H2,HP";;
"NA,C189,10,Côlon SAI,82630,3,""Adénome tubulovilleux, SAI"",A2F4,DC";;
"NA,C189,10,Côlon SAI,82630,3,""Adénome tubulovilleux, SAI"",A3F4,DC";;
NA,C421,25,Moelle osseuse,97323,9,Myélome multiple (C42.1),H7W0,SM;;
"NA,C761,50,Thorax SAI,88503,6,""Liposarcome, SAI"",L7L0,XT";;
"NA,C679,43,Vessie SAI,81203,1,""Carcinome à cellules transitionnelles, SAI"",U7L3,UV";;
"NA,C029,2,Langue SAI,80713,1,""Carcinome épidermoïde kératinisant, SAI"",E7T2,BL";;
"NA,C139,5,Hypopharynx SAI,80713,1,""Carcinome épidermoïde kératinisant, SAI"",E7T2,AH";;
NA,C189,10,Côlon SAI,81443,3,Adénocarcinome de type intestinal (C16.-),A7M3,DC;;
"NA,C710,46,Cerveau,80106,5,""Carcinome métastatique, SAI"",XMB0,NH";;
"NA,C710,46,Cerveau,95913,14,""Lymphome malin non-hodgkinien, SAI"",K7G0,NH";;
"NA,C449,26,""Peau SAI (à l'exclusion de la peau de la vulve, des grandes lèvres, du pénis, du scrotum)"",80702,1,""Carcinome épidermoïde in situ, SAI"",E5T0,OT";;
"NA,C443,26,Peau des autres régions et des régions non précisées de la face,80702,1,""Carcinome épidermoïde in situ, SAI"",E5T0,OT";;
"NA,C609,39,Verge SAI,80702,1,""Carcinome épidermoïde in situ, SAI"",E5T0,HV";;
NA,C609,39,Verge SAI,80802,1,Érythroplasie de Queyrat (C60.-),E5T7,HV;;
NA,C609,39,Verge SAI,80812,1,Maladie de Bowen (C44.-),E5T7,HV;;
"NA,C029,2,Langue SAI,80703,1,""Carcinome épidermoïde, SAI"",E7A0,BL";;
"NA,C539,33,Col utérin,80703,1,""Carcinome épidermoïde, SAI"",E7A0,GC";;
"NA,C539,33,Col utérin,89803,16,""Carcinosarcome, SAI Esthésio-neuroblastome (C30.0)"",X7P4,GC";;
"NA,C509,30,Sein SAI (à l'exclusion de la peau du sein),81403,3,""Adénocarcinome, SAI"",A7A0,GS";;
NA,C169,8,Estomac SAI,89360,16,Tumeur bénigne du stroma gastro-intestinal,X0J0,DE;;
"NA,C259,15,Pancréas SAI,81403,3,""Adénocarcinome, SAI"",A7A0,FP";;
"NA,C419,24,Os SAI,96803,9,""Lymphome malin diffus à grandes cellules B, SAI"",J7H0,LO";;
"NA,C419,24,Os SAI,95913,14,""Lymphome malin non-hodgkinien, SAI"",K7G7,LO";;
"NA,C765,50,Membre inférieur SAI,96803,9,""Lymphome malin diffus à grandes cellules B, SAI"",J7G0,XP";;
"NA,C419,24,Os SAI,80903,2,""Carcinome basocellulaire, SAI (C44.-)"",B7A0,LO";;
"NA,C349,20,Poumon SAI,81403,3,""Adénocarcinome, SAI"",A7A0,RB";;
"NA,C449,26,""Peau SAI (à l'exclusion de la peau de la vulve, des grandes lèvres, du pénis, du scrotum)"",87433,16,Mélanome à extension superficielle (C44.-),M7B5,OT";;
NA,C443,26,Peau des autres régions et des régions non précisées de la face,87433,16,Mélanome à extension superficielle (C44.-),M7B5,OT;;
"NA,C390,23,Voies respiratoires supérieures SAI,80713,1,""Carcinome épidermoïde kératinisant, SAI"",E7T2,AZ";;
"NA,C069,1,Bouche SAI,80703,1,""Carcinome épidermoïde, SAI"",E7T0,BX";;
NA,C399,23,Localisations mal définies de l'appareil respiratoire,80000,17,Tumeur bénigne,X0A0,RZ;;
"NA,C159,7,Œsophage SAI,80703,1,""Carcinome épidermoïde, SAI"",E7T0,DO";;
"NA,C449,26,""Peau SAI (à l'exclusion de la peau de la vulve, des grandes lèvres, du pénis, du scrotum)"",81100,2,""Pilomatrixome, SAI (C44.-)"",P0H2,OT";;
"NA,C443,26,Peau des autres régions et des régions non précisées de la face,81100,2,""Pilomatrixome, SAI (C44.-)"",P0H2,OT";;
NA,C710,46,Cerveau,95310,16,Méningiome méningothélial,N0K2,NH;;
"NA,C349,20,Poumon SAI,81403,3,""Adénocarcinome, SAI"",A7A0,RP";;
NA,C709,45,Méninges SAI,95391,16,Méningiome atypique,N4J0,NM;;
"NA,C509,30,Sein SAI (à l'exclusion de la peau du sein),85002,3,""Carcinome intracanalaire non infiltrant, SAI"",A5B2,GS";;
"NA,C539,33,Col utérin,80500,5,""Papillome, SAI (à l’exclusion du papillome de la vessie M-8120/1)"",E0D0,GC";;
"NA,C210,12,""Anus SAI (à l'exclusion de la peau de l'anus, péri-anale et de la marge anale  C44.5)"",80702,1,""Carcinome épidermoïde in situ, SAI"",E5T0,DQ";;
"NA,C720,47,Moelle épinière,95400,6,""Neurofibrome, SAI"",N0C0,NE";;
"NA,C541,34,Endomètre,89803,16,""Carcinosarcome, SAI Esthésio-neuroblastome (C30.0)"",X7P4,GU";;
"NA,C449,26,""Peau SAI (à l'exclusion de la peau de la vulve, des grandes lèvres, du pénis, du scrotum)"",80703,1,""Carcinome épidermoïde, SAI"",E7T0,OT";;
"NA,C443,26,Peau des autres régions et des régions non précisées de la face,80703,1,""Carcinome épidermoïde, SAI"",E7T0,OT";;
NA,C421,25,Moelle osseuse,99503,8,Polycythémie vraie,H7N2,SM;;
NA,C709,45,Méninges SAI,95320,16,Méningiome fibreux,N0J4,NM;;
"NA,C421,25,Moelle osseuse,96903,9,""Lymphome folliculaire, SAI (voir aussi M-9675/3)"",J7F4,SM";;
"NA,C569,36,Ovaire,90840,16,""Kyste dermoïde, SAI"",G0G1,GO";;
"NA,C349,20,Poumon SAI,80703,1,""Carcinome épidermoïde, SAI"",E7A0,RP";;
NA,C725,47,Nerf crânien SAI,95601,6,Neurinomatose,N0B0,NT;;
"NA,C109,5,Oropharynx SAI,80703,1,""Carcinome épidermoïde, SAI"",E7T0,AO";;
"NA,C109,5,Oropharynx SAI,80713,1,""Carcinome épidermoïde kératinisant, SAI"",E7T2,AO";;
"NA,C399,23,Localisations mal définies de l'appareil respiratoire,80703,1,""Carcinome épidermoïde, SAI"",E7T0,RZ";;
"NA,C679,43,Vessie SAI,81203,1,""Carcinome à cellules transitionnelles, SAI"",U7G2,UV";;
"NA,C349,20,Poumon SAI,80123,5,""Carcinome à grandes cellules, SAI"",X7E6,RP";;
"NA,C419,24,Os SAI,80103,5,""Carcinome, SAI"",X7B0,LO";;
"NA,C542,34,Myomètre,81403,3,""Adénocarcinome, SAI"",A7A0,GM";;
"NA,C729,47,Système nerveux SAI,94403,16,""Glioblastome, SAI (C71.-)"",N7X0,NZ";;
"NA,C482,28,Péritoine SAI,81403,3,""Adénocarcinome, SAI"",A7A0,DP";;
"NA,C099,5,Amygdale SAI (à l'exclusion de l'amygdale linguale et de l'amygdale pharyngée),80703,1,""Carcinome épidermoïde, SAI"",E7A0,AA";;
"NA,C710,46,Cerveau,95300,16,""Méningiome, SAI"",N0J0,NH";;
"NA,C716,46,Cervelet SAI,80106,5,""Carcinome métastatique, SAI"",XMB0,NC";;
"NA,C779,51,Ganglion lymphatique SAI,81403,3,""Adénocarcinome, SAI"",A7A0,SG";;
NA,C519,31,Vulve SAI,85413,3,Maladie de Paget et carcinome canalaire infiltrant du sein (C50.-),A7B7,GV;;
"NA,C519,31,Vulve SAI,81403,3,""Adénocarcinome, SAI"",A7A0,GV";;
"NA,C449,26,""Peau SAI (à l'exclusion de la peau de la vulve, des grandes lèvres, du pénis, du scrotum)"",80702,1,""Carcinome épidermoïde in situ, SAI"",E5T2,OT";;
"NA,C443,26,Peau des autres régions et des régions non précisées de la face,80702,1,""Carcinome épidermoïde in situ, SAI"",E5T2,OT";;
NA,C709,45,Méninges SAI,95310,16,Méningiome méningothélial,N0K2,NM;;
"NA,C449,26,""Peau SAI (à l'exclusion de la peau de la vulve, des grandes lèvres, du pénis, du scrotum)"",87423,16,Mélanome malin sur lentigo malin des vieillards (C44.-),M7G2,OT";;
NA,C443,26,Peau des autres régions et des régions non précisées de la face,87423,16,Mélanome malin sur lentigo malin des vieillards (C44.-),M7G2,OT;;
NA,C119,6,Nasopharynx SAI,80823,1,Carcinome lymphoépithélial,X7E9,AC;;
"NA,C159,7,Œsophage SAI,81403,3,""Adénocarcinome, SAI"",A7A0,DO";;
"NA,C349,20,Poumon SAI,80703,1,""Carcinome épidermoïde, SAI"",E7T0,RB";;
"NA,C239,14,Vésicule biliaire,81403,3,""Adénocarcinome, SAI"",A7A0,FV";;
"NA,C220,13,Foie,81603,3,""Cholangiocarcinome (C22.1, C24.0)"",A7H7,FF";;
"NA,C172,9,Iléon (à l'exclusion de la valvule iléocaecale),81403,3,""Adénocarcinome, SAI"",A7A3,DG";;
NA,C710,46,Cerveau,93823,16,Gliome mixte (C71.-),N7V3,NH;;
"NA,C779,51,Ganglion lymphatique SAI,96703,9,""Lymphome malin à petits lymphocytes B, SAI (voir aussi M-9823/3)"",K7J0,SG";;
"NA,C449,26,""Peau SAI (à l'exclusion de la peau de la vulve, des grandes lèvres, du pénis, du scrotum)"",82003,3,Carcinome adénoïde kystique,A7X6,OT";;
NA,C443,26,Peau des autres régions et des régions non précisées de la face,82003,3,Carcinome adénoïde kystique,A7X6,OT;;
NA,C709,45,Méninges SAI,95370,16,Méningiome transitionel,N0K4,NM;;
"NA,C159,7,Œsophage SAI,80703,1,""Carcinome épidermoïde, SAI"",E7A0,DO";;
"NA,C210,12,""Anus SAI (à l'exclusion de la peau de l'anus, péri-anale et de la marge anale  C44.5)"",80703,1,""Carcinome épidermoïde, SAI"",E7A0,DQ";;
"NA,C669,43,Uretère,81203,1,""Carcinome à cellules transitionnelles, SAI"",U7L3,UT";;
"NA,C649,42,Rein SAI,81203,1,""Carcinome à cellules transitionnelles, SAI"",U7G3,UR";;
NA,C169,8,Estomac SAI,81423,3,Linite plastique (C16.-),A7N6,DE;;
"NA,C509,30,Sein SAI (à l'exclusion de la peau du sein),85003,3,""Adénocarcinome canalaire infiltrant, SAI (C50.-)"",A7B2,GS";;
"NA,C109,5,Oropharynx SAI,80703,1,""Carcinome épidermoïde, SAI"",E7A0,AO";;
"NA,C716,46,Cervelet SAI,93900,16,""Papillome des plexus choroïdes, SAI (C71.5)"",N0Z0,NC";;
"NA,C319,18,Sinus annexe SAI,80703,1,""Carcinome épidermoïde, SAI"",E7A0,AS";;
"NA,C779,51,Ganglion lymphatique SAI,80703,1,""Carcinome épidermoïde, SAI"",E7A0,SG";;
"NA,C619,40,Glande prostatique,81403,3,""Adénocarcinome, SAI"",A7A1,HP";;
"NA,C390,23,Voies respiratoires supérieures SAI,80702,1,""Carcinome épidermoïde in situ, SAI"",E5T0,AZ";;
"NA,C319,18,Sinus annexe SAI,80702,1,""Carcinome épidermoïde in situ, SAI"",E5T0,AS";;
NA,C069,1,Bouche SAI,82003,3,Carcinome adénoïde kystique,A7X6,BZ;;
"NA,C029,2,Langue SAI,80703,1,""Carcinome épidermoïde, SAI"",E7T0,BL";;
"NA,C779,51,Ganglion lymphatique SAI,80703,1,""Carcinome épidermoïde, SAI"",E7T0,SG";;
NA,C739,48,Glande thyroïde,83340,3,Adénome macrovésiculaire (C73.9),A0G4,ET;;
NA,C739,48,Glande thyroïde,83413,4,Microcarcinome papillaire (C73.9),A7D8,ET;;
NA,C739,48,Glande thyroïde,83453,4,Carcinome médullaire à stroma amyloïde (C73.9),S7S4,ET;;
"NA,C209,11,Rectum SAI,82630,3,""Adénome tubulovilleux, SAI"",A2F4,DR";;
NA,C669,43,Uretère,81200,1,Papillome bénin à cellules transitionnelles,U0A0,UT;;
"NA,C220,13,Foie,80413,4,""Carcinome à petites cellules, SAI"",S7Z4,FF";;
"NA,C424,25,Système hématopoïétique SAI,80203,5,""Carcinome indifférencié, SAI"",X7E0,SZ";;
"NA,C169,8,Estomac SAI,96993,9,""Lymphome de la zone marginale à cellules B, SAI"",J7C5,DE";;
"NA,C509,30,Sein SAI (à l'exclusion de la peau du sein),85202,3,""Carcinome lobulaire in situ, SAI (C50.-)"",A5B1,GS";;
"NA,C609,39,Verge SAI,80703,1,""Carcinome épidermoïde, SAI"",E7A0,HV";;
"NA,C509,30,Sein SAI (à l'exclusion de la peau du sein),80123,5,""Carcinome à grandes cellules, SAI"",X7E6,GS";;
"NA,C449,26,""Peau SAI (à l'exclusion de la peau de la vulve, des grandes lèvres, du pénis, du scrotum)"",85003,3,""Adénocarcinome canalaire infiltrant, SAI (C50.-)"",A7B2,OT";;
"NA,C443,26,Peau des autres régions et des régions non précisées de la face,85003,3,""Adénocarcinome canalaire infiltrant, SAI (C50.-)"",A7B2,OT";;
"NA,C449,26,""Peau SAI (à l'exclusion de la peau de la vulve, des grandes lèvres, du pénis, du scrotum)"",88500,6,""Lipome, SAI"",L0L0,OT";;
"NA,C443,26,Peau des autres régions et des régions non précisées de la face,88500,6,""Lipome, SAI"",L0L0,OT";;
NA,C384,22,Plèvre SAI,88153,6,Tumeur fibreuse solitaire maligne,F7A1,RS;;
NA,C399,23,Localisations mal définies de l'appareil respiratoire,88200,6,Élastofibrome,F0B2,RZ;;
NA,C729,47,Système nerveux SAI,94013,16,Astrocytome anaplasique (C71.-),N7T6,NZ;;
"NA,C762,50,Abdomen SAI,81703,4,""Carcinome hépatocellulaire, SAI (C22.0)"",A7H5,XA";;
NA,C649,42,Rein SAI,82633,3,Adénocarcinome sur adénome tubulovilleux,A7F2,UR;;
"NA,C349,20,Poumon SAI,80106,5,""Carcinome métastatique, SAI"",VMW0,RB";;
"NA,C139,5,Hypopharynx SAI,80703,1,""Carcinome épidermoïde, SAI"",E7T0,AH";;
"NA,C189,10,Côlon SAI,82110,3,""Adénome tubuleux, SAI"",A1F0,DC";;
"NA,C779,51,Ganglion lymphatique SAI,80106,5,""Carcinome métastatique, SAI"",XMB0,SG";;
NA,C159,7,Œsophage SAI,82003,3,Carcinome adénoïde kystique,A7X6,DO;;
"NA,C449,26,""Peau SAI (à l'exclusion de la peau de la vulve, des grandes lèvres, du pénis, du scrotum)"",96903,9,""Lymphome folliculaire, SAI (voir aussi M-9675/3)"",K7G2,OT";;
"NA,C443,26,Peau des autres régions et des régions non précisées de la face,96903,9,""Lymphome folliculaire, SAI (voir aussi M-9675/3)"",K7G2,OT";;
"NA,C421,25,Moelle osseuse,96703,9,""Lymphome malin à petits lymphocytes B, SAI (voir aussi M-9823/3)"",J7A0,SM";;
"NA,C449,26,""Peau SAI (à l'exclusion de la peau de la vulve, des grandes lèvres, du pénis, du scrotum)"",81023,2,Trichilemmocarcinome (C44.-),P7E0,OT";;
NA,C443,26,Peau des autres régions et des régions non précisées de la face,81023,2,Trichilemmocarcinome (C44.-),P7E0,OT;;
NA,C301,17,Oreille moyenne,89363,16,Sarcome du stroma gastro-intestinal,X7J0,OR;;
"NA,C679,43,Vessie SAI,81203,1,""Carcinome à cellules transitionnelles, SAI"",U7G0,UV";;
"NA,C760,50,""Tête, face ou cou SAI"",95913,14,""Lymphome malin non-hodgkinien, SAI"",K7G7,XF";;
"NA,C449,26,""Peau SAI (à l'exclusion de la peau de la vulve, des grandes lèvres, du pénis, du scrotum)"",97183,10,Syndrome lymphoprolifératif cutané primitif à cellules T CD30+,J7T3,OT";;
NA,C443,26,Peau des autres régions et des régions non précisées de la face,97183,10,Syndrome lymphoprolifératif cutané primitif à cellules T CD30+,J7T3,OT;;
"NA,C449,26,""Peau SAI (à l'exclusion de la peau de la vulve, des grandes lèvres, du pénis, du scrotum)"",97003,10,Mycosis fongoïde (C44.-),K7K2,OT";;
NA,C443,26,Peau des autres régions et des régions non précisées de la face,97003,10,Mycosis fongoïde (C44.-),K7K2,OT;;
NA,C220,13,Foie,85503,3,Adénocarcinome à cellules acineuses,A7A5,FF;;
NA,C482,28,Péritoine SAI,84603,3,Cystadénocarcinome séreux papillaire (C56.9),G7A2,DP;;
"NA,C220,13,Foie,81403,3,""Adénocarcinome, SAI"",A7A0,FF";;
"NA,C499,29,""Tissu conjonctif, tissu sous-cutané et autres tissus mous, SAI"",96803,9,""Lymphome malin diffus à grandes cellules B, SAI"",K7X6,TC";;
"NA,C490,29,""Tissu conjonctif, tissu sous-cutané et autres tissus mous de la tête, de la face et du cou"",96803,9,""Lymphome malin diffus à grandes cellules B, SAI"",K7X6,TC";;
NA,C390,23,Voies respiratoires supérieures SAI,84303,3,Carcinome muco-épidermoïde,A7V4,AZ;;
"NA,C421,25,Moelle osseuse,97023,10,""Lymphome à cellules T matures, SAI"",K7G8,SM";;
"NA,C499,29,""Tissu conjonctif, tissu sous-cutané et autres tissus mous, SAI"",96523,11,""Lymphome de Hodgkin, à cellularité mixte, SAI"",K7D0,TC";;
"NA,C490,29,""Tissu conjonctif, tissu sous-cutané et autres tissus mous de la tête, de la face et du cou"",96523,11,""Lymphome de Hodgkin, à cellularité mixte, SAI"",K7D0,TC";;
"NA,C499,29,""Tissu conjonctif, tissu sous-cutané et autres tissus mous, SAI"",96503,11,""Lymphome de Hodgkin, SAI"",K7A0,TC";;
"NA,C490,29,""Tissu conjonctif, tissu sous-cutané et autres tissus mous de la tête, de la face et du cou"",96503,11,""Lymphome de Hodgkin, SAI"",K7A0,TC";;
"NA,C319,18,Sinus annexe SAI,96703,9,""Lymphome malin à petits lymphocytes B, SAI (voir aussi M-9823/3)"",K7J0,AS";;
"NA,C449,26,""Peau SAI (à l'exclusion de la peau de la vulve, des grandes lèvres, du pénis, du scrotum)"",80802,1,Érythroplasie de Queyrat (C60.-),E5T7,OT";;
"NA,C449,26,""Peau SAI (à l'exclusion de la peau de la vulve, des grandes lèvres, du pénis, du scrotum)"",80812,1,Maladie de Bowen (C44.-),E5T7,OT";;
NA,C443,26,Peau des autres régions et des régions non précisées de la face,80802,1,Érythroplasie de Queyrat (C60.-),E5T7,OT;;
NA,C443,26,Peau des autres régions et des régions non précisées de la face,80812,1,Maladie de Bowen (C44.-),E5T7,OT;;
NA,C421,25,Moelle osseuse,99613,8,Myélosclérose avec métaplasie myéloïde,H7M1,SM;;
"NA,C449,26,""Peau SAI (à l'exclusion de la peau de la vulve, des grandes lèvres, du pénis, du scrotum)"",82473,4,Carcinome à cellules de Merkel (C44.-),S7X0,OT";;
NA,C443,26,Peau des autres régions et des régions non précisées de la face,82473,4,Carcinome à cellules de Merkel (C44.-),S7X0,OT;;
"NA,C710,46,Cerveau,95913,14,""Lymphome malin non-hodgkinien, SAI"",K7G7,NH";;
"NA,C449,26,""Peau SAI (à l'exclusion de la peau de la vulve, des grandes lèvres, du pénis, du scrotum)"",97511,13,""Histiocytose à cellules de Langerhans, SAI"",H4R0,OT";;
"NA,C443,26,Peau des autres régions et des régions non précisées de la face,97511,13,""Histiocytose à cellules de Langerhans, SAI"",H4R0,OT";;
"NA,C649,42,Rein SAI,82630,3,""Adénome tubulovilleux, SAI"",A4F2,UR";;
"NA,C720,47,Moelle épinière,88003,6,""Sarcome, SAI"",X7K0,NE";;
"NA,C539,33,Col utérin,83103,3,""Adénocarcinome à cellules claires, SAI"",A7K2,GC";;
"NA,C449,26,""Peau SAI (à l'exclusion de la peau de la vulve, des grandes lèvres, du pénis, du scrotum)"",88323,6,""Dermatofibrosarcome, SAI (C44.-)"",F4K0,OT";;
"NA,C443,26,Peau des autres régions et des régions non précisées de la face,88323,6,""Dermatofibrosarcome, SAI (C44.-)"",F4K0,OT";;
NA,C689,43,Appareil urinaire SAI,81302,1,Carcinome transitionnel papillaire non invasif (C67.-),U5D2,UZ;;
"NA,C779,51,Ganglion lymphatique SAI,95913,14,""Lymphome malin non-hodgkinien, SAI"",K7G7,SG";;
"NA,C329,19,Larynx SAI,80703,1,""Carcinome épidermoïde, SAI"",E7T0,AL";;
"NA,C349,20,Poumon SAI,82403,4,""Tumeur carcinoïde , SAI (sauf appendice,r M-8240/1)"",S4Y0,RB";;
"NA,C421,25,Moelle osseuse,99603,14,""Maladie myéloproliférative chronique, SAI"",H7N8,SM";;
"NA,C349,20,Poumon SAI,88503,6,""Liposarcome, SAI"",L7L0,RP";;
"NA,C609,39,Verge SAI,96803,9,""Lymphome malin diffus à grandes cellules B, SAI"",J7G0,HV";;
"NA,C609,39,Verge SAI,96873,9,""Lymphome de Burkitt, SAI (voir aussi M-9826/3)"",J7K6,HV";;
"NA,C649,42,Rein SAI,95913,14,""Lymphome malin non-hodgkinien, SAI"",K7G7,UR";;
NA,C349,20,Poumon SAI,80823,1,Carcinome lymphoépithélial,X7E9,RP;;
"NA,C159,7,Œsophage SAI,80713,1,""Carcinome épidermoïde kératinisant, SAI"",E7T2,DO";;
"NA,C729,47,Système nerveux SAI,94703,16,""Médulloblastome, SAI (C71.6)"",N7P0,NZ";;
NA,C390,23,Voies respiratoires supérieures SAI,89203,6,Rhabdomyosarcome alvéolaire,R7C2,AZ;;
"NA,C725,47,Nerf crânien SAI,95600,6,""Neurilemmome, SAI"",N0A0,NT";;
"NA,C170,9,Duodénum,81403,3,""Adénocarcinome, SAI"",A7A0,DD";;
"NA,C499,29,""Tissu conjonctif, tissu sous-cutané et autres tissus mous, SAI"",80103,5,""Carcinome, SAI"",X7B0,TC";;
"NA,C490,29,""Tissu conjonctif, tissu sous-cutané et autres tissus mous de la tête, de la face et du cou"",80103,5,""Carcinome, SAI"",X7B0,TC";;
"NA,C172,9,Iléon (à l'exclusion de la valvule iléocaecale),89361,16,""Tumeur du stroma gastro-intestinal, SAI"",X4J0,DG";;
"NA,C349,20,Poumon SAI,80703,1,""Carcinome épidermoïde, SAI"",E7T0,RP";;
"NA,C679,43,Vessie SAI,81203,1,""Carcinome à cellules transitionnelles, SAI"",U7L2,UV";;
"NA,C649,42,Rein SAI,81203,1,""Carcinome à cellules transitionnelles, SAI"",U7H3,UR";;
"NA,C669,43,Uretère,81203,1,""Carcinome à cellules transitionnelles, SAI"",U7H3,UT";;
"NA,C240,14,Voies biliaires extra-hépatiques,81603,3,""Cholangiocarcinome (C22.1, C24.0)"",A7H7,FE";;
"NA,C240,14,Voies biliaires extra-hépatiques,81403,3,""Adénocarcinome, SAI"",A7A0,FE";;
NA,C649,42,Rein SAI,82703,3,Adénocarcinome chromophobe (C75.1),A7H8,UR;;
"NA,C349,20,Poumon SAI,82403,4,""Tumeur carcinoïde , SAI (sauf appendice,r M-8240/1)"",S4Y0,RP";;
"NA,C699,44,Œil SAI,80703,1,""Carcinome épidermoïde, SAI"",E7T3,OE";;
"NA,C380,22,Coeur,81403,3,""Adénocarcinome, SAI"",A7A0,CP";;
NA,C619,40,Glande prostatique,85503,3,Adénocarcinome à cellules acineuses,A7A5,HP;;
NA,C709,45,Méninges SAI,95381,16,Méningiome à cellules claires,N0K9,NM;;
NA,C419,24,Os SAI,92603,16,Sarcome d’Ewing,X7L0,LO;;
NA,C319,18,Sinus annexe SAI,90413,6,Sarcome synovial à cellules fusiformes,S7R2,AS;;
"NA,C449,26,""Peau SAI (à l'exclusion de la peau de la vulve, des grandes lèvres, du pénis, du scrotum)"",87453,16,Mélanome malin desmoplasique (C44.-),M7D4,OT";;
NA,C443,26,Peau des autres régions et des régions non précisées de la face,87453,16,Mélanome malin desmoplasique (C44.-),M7D4,OT;;
"NA,C029,2,Langue SAI,80703,1,""Carcinome épidermoïde, SAI"",E7T3,BL";;
"NA,C399,23,Localisations mal définies de l'appareil respiratoire,96803,9,""Lymphome malin diffus à grandes cellules B, SAI"",J7H0,RZ";;
NA,C710,46,Cerveau,93823,16,Gliome mixte (C71.-),N7V2,NH;;
"NA,C421,25,Moelle osseuse,96703,9,""Lymphome malin à petits lymphocytes B, SAI (voir aussi M-9823/3)"",J7B0,SM";;
"NA,C779,51,Ganglion lymphatique SAI,96703,9,""Lymphome malin à petits lymphocytes B, SAI (voir aussi M-9823/3)"",J7B0,SG";;
"NA,C069,1,Bouche SAI,97313,9,""Plasmocytome, SAI"",H7W1,BZ";;
"NA,C739,48,Glande thyroïde,82603,3,""Adénocarcinome papillaire, SAI"",A7D0,ET";;
"NA,C679,43,Vessie SAI,81203,1,""Carcinome à cellules transitionnelles, SAI"",U7A0,UV";;
"NA,C679,43,Vessie SAI,80713,1,""Carcinome épidermoïde kératinisant, SAI"",E7T2,UV";;
"NA,C384,22,Plèvre SAI,91331,6,""Hémangioendothéliome épithélioïde, SAI"",V4N0,RS";;
NA,C384,22,Plèvre SAI,91203,6,Hémangiosarcome,V7A3,RS;;
NA,C220,13,Foie,96513,11,Lymphome de Hodgkin riche en lymphocytes,K7B0,FF;;
"NA,C539,33,Col utérin,80703,1,""Carcinome épidermoïde, SAI"",E7T0,GC";;
"NA,C172,9,Iléon (à l'exclusion de la valvule iléocaecale),80103,5,""Carcinome, SAI"",X7B0,DG";;
"NA,C649,42,Rein SAI,82600,3,""Adénome papillaire, SAI"",A0D0,UR";;
NA,C649,42,Rein SAI,82900,3,Adénome oxyphile,A0L2,UR;;
NA,C649,42,Rein SAI,88600,6,Angiomyolipome,L0P2,UR;;
"NA,C779,51,Ganglion lymphatique SAI,96703,9,""Lymphome malin à petits lymphocytes B, SAI (voir aussi M-9823/3)"",J7A0,SG";;
"NA,C172,9,Iléon (à l'exclusion de la valvule iléocaecale),81403,3,""Adénocarcinome, SAI"",A7A0,DG";;
"NA,C189,10,Côlon SAI,82463,4,""Carcinome neuroendocrinien, SAI"",S7Z0,DC";;
"NA,C679,43,Vessie SAI,81203,1,""Carcinome à cellules transitionnelles, SAI"",U7H2,UV";;
"NA,C422,25,Rate,96993,9,""Lymphome de la zone marginale à cellules B, SAI"",J7L1,SR";;
"NA,C220,13,Foie,82463,4,""Carcinome neuroendocrinien, SAI"",S7Z0,FF";;
NA,C421,25,Moelle osseuse,99623,8,Thrombocythémie essentielle,H7N4,SM;;
"NA,C761,50,Thorax SAI,80703,1,""Carcinome épidermoïde, SAI"",E7A0,XT";;
"NA,C172,9,Iléon (à l'exclusion de la valvule iléocaecale),82630,3,""Adénome tubulovilleux, SAI"",A4F2,DG";;
"NA,C779,51,Ganglion lymphatique SAI,96903,9,""Lymphome folliculaire, SAI (voir aussi M-9675/3)"",J7F4,SG";;
"NA,C449,26,""Peau SAI (à l'exclusion de la peau de la vulve, des grandes lèvres, du pénis, du scrotum)"",97003,10,Mycosis fongoïde (C44.-),J7N7,OT";;
NA,C443,26,Peau des autres régions et des régions non précisées de la face,97003,10,Mycosis fongoïde (C44.-),J7N7,OT;;
NA,C669,43,Uretère,81302,1,Carcinome transitionnel papillaire non invasif (C67.-),U5D2,UT;;
"NA,C499,29,""Tissu conjonctif, tissu sous-cutané et autres tissus mous, SAI"",96803,9,""Lymphome malin diffus à grandes cellules B, SAI"",J7H0,LM";;
"NA,C710,46,Cerveau,81400,3,""Adénome, SAI"",A0A0,NH";;
"NA,C679,43,Vessie SAI,81203,1,""Carcinome à cellules transitionnelles, SAI"",U7K3,UV";;
"NA,C710,46,Cerveau,95051,16,""Gangliogliome, SAI"",N7N0,NH";;
"NA,C390,23,Voies respiratoires supérieures SAI,80703,1,""Carcinome épidermoïde, SAI"",E7T9,AZ";;
"NA,C679,43,Vessie SAI,81203,1,""Carcinome à cellules transitionnelles, SAI"",U7K0,UV";;
"NA,C710,46,Cerveau,93900,16,""Papillome des plexus choroïdes, SAI (C71.5)"",N0Z0,NH";;
NA,C421,25,Moelle osseuse,97343,9,Plasmocytome extramédullaire (ne survenant pas dans l’os),J7D0,SM;;
NA,C779,51,Ganglion lymphatique SAI,97343,9,Plasmocytome extramédullaire (ne survenant pas dans l’os),J7D0,SG;;
"NA,C509,30,Sein SAI (à l'exclusion de la peau du sein),85203,3,""Carcinome lobulaire, SAI (C50.-)"",A7B1,GS";;
NA,C680,43,Urètre,81302,1,Carcinome transitionnel papillaire non invasif (C67.-),U5D2,UC;;
NA,C619,40,Glande prostatique,89320,16,Adénomyome,A0R6,HP;;
NA,C421,25,Moelle osseuse,96733,9,Lymphome à cellules du manteau,J7E0,SM;;
NA,C779,51,Ganglion lymphatique SAI,96733,9,Lymphome à cellules du manteau,J7L7,SG;;
"NA,C449,26,""Peau SAI (à l'exclusion de la peau de la vulve, des grandes lèvres, du pénis, du scrotum)"",80763,1,Carcinome épidermoïde micro-invasif,E6T0,OT";;
NA,C443,26,Peau des autres régions et des régions non précisées de la face,80763,1,Carcinome épidermoïde micro-invasif,E6T0,OT;;
"NA,C579,37,Appareil génital féminin SAI,80123,5,""Carcinome à grandes cellules, SAI"",X7E6,GZ";;
"NA,C449,26,""Peau SAI (à l'exclusion de la peau de la vulve, des grandes lèvres, du pénis, du scrotum)"",80703,1,""Carcinome épidermoïde, SAI"",E7T3,OZ";;
"NA,C779,51,Ganglion lymphatique SAI,80713,1,""Carcinome épidermoïde kératinisant, SAI"",E7T2,SG";;
"NA,C419,24,Os SAI,90801,16,""Tératome, SAI"",D4N0,LO";;
"NA,C099,5,Amygdale SAI (à l'exclusion de l'amygdale linguale et de l'amygdale pharyngée),80703,1,""Carcinome épidermoïde, SAI"",E7T0,AA";;
"NA,C529,32,Vagin SAI,83803,3,""Adénocarcinome endométrioïde, SAI"",A7A9,GG";;
NA,C629,41,Testicule SAI,90603,16,Dysgerminome,G7K0,HT;;
"NA,C421,25,Moelle osseuse,80003,17,""Tumeur maligne, SAI"",X7A0,SM";;
NA,C519,31,Vulve SAI,88913,6,Léiomyosarcome épithélioïde,L7A6,GV;;
"NA,C421,25,Moelle osseuse,96803,9,""Lymphome malin diffus à grandes cellules B, SAI"",J7H0,SM";;
NA,C384,22,Plèvre SAI,90523,7,Mésothéliome épithélioïde malin,M7P4,RS;;
"NA,C159,7,Œsophage SAI,80702,1,""Carcinome épidermoïde in situ, SAI"",E5T0,DO";;
"NA,C421,25,Moelle osseuse,99603,14,""Maladie myéloproliférative chronique, SAI"",H7M0,SM";;
"NA,C424,25,Système hématopoïétique SAI,80413,4,""Carcinome à petites cellules, SAI"",S7Z4,SZ";;
"NA,C169,8,Estomac SAI,96993,9,""Lymphome de la zone marginale à cellules B, SAI"",J7C1,DE";;
"NA,C729,47,Système nerveux SAI,80106,5,""Carcinome métastatique, SAI"",XMB0,NZ";;
NA,C419,24,Os SAI,91403,15,Sarcome de Kaposi,V7R0,LO;;
"NA,C579,37,Appareil génital féminin SAI,85002,3,""Carcinome intracanalaire non infiltrant, SAI"",A5B2,GZ";;
"NA,C541,34,Endomètre,81400,3,""Adénome, SAI"",A0A0,GU";;
"NA,C384,22,Plèvre SAI,81403,3,""Adénocarcinome, SAI"",A7A0,RS";;
"NA,C569,36,Ovaire,81403,3,""Adénocarcinome, SAI"",A7A0,GO";;
"NA,C569,36,Ovaire,84703,3,""Cystadénocarcinome mucineux, SAI (C56.9)"",G7B2,GO";;
"NA,C384,22,Plèvre SAI,96703,9,""Lymphome malin à petits lymphocytes B, SAI (voir aussi M-9823/3)"",K7J0,RS";;
"NA,C449,26,""Peau SAI (à l'exclusion de la peau de la vulve, des grandes lèvres, du pénis, du scrotum)"",96703,9,""Lymphome malin à petits lymphocytes B, SAI (voir aussi M-9823/3)"",K7W1,OT";;
"NA,C443,26,Peau des autres régions et des régions non précisées de la face,96703,9,""Lymphome malin à petits lymphocytes B, SAI (voir aussi M-9823/3)"",K7W1,OT";;
"NA,C729,47,Système nerveux SAI,93703,6,""Chordome, SAI"",D4N4,NZ";;
NA,C421,25,Moelle osseuse,96713,9,Lymphome malin lymphoplasmocytoïde (voir aussi M-9761/3),J7C0,SM;;
NA,C716,46,Cervelet SAI,94211,16,Astrocytome pilocytique (C71.-),N0S8,NC;;
"NA,C519,31,Vulve SAI,80703,1,""Carcinome épidermoïde, SAI"",E7A0,GV";;
NA,C759,49,Glande endocrine SAI,81401,3,Adénome atypique,A4A0,EZ;;
"NA,C449,26,""Peau SAI (à l'exclusion de la peau de la vulve, des grandes lèvres, du pénis, du scrotum)"",96903,9,""Lymphome folliculaire, SAI (voir aussi M-9675/3)"",J7F4,OT";;
"NA,C443,26,Peau des autres régions et des régions non précisées de la face,96903,9,""Lymphome folliculaire, SAI (voir aussi M-9675/3)"",J7F4,OT";;
"NA,C729,47,Système nerveux SAI,95913,14,""Lymphome malin non-hodgkinien, SAI"",K7G0,NZ";;
NA,C421,25,Moelle osseuse,96733,9,Lymphome à cellules du manteau,J7L9,SM;;
NA,C541,34,Endomètre,89503,16,Mulleroblastome (C54.-),X7P7,GU;;
NA,C541,34,Endomètre,89503,16,Mulleroblastome (C54.-),X7P6,GU;;
NA,C539,33,Col utérin,80763,1,Carcinome épidermoïde micro-invasif,E6T0,GC;;
"NA,C539,33,Col utérin,80772,1,""Néoplasie intraépithéliale, grade III (voir règles de codage, page x)"",E5S3,GC";;
"NA,C541,34,Endomètre,88900,6,""Léiomyome, SAI"",L0A0,GU";;
"NA,C421,25,Moelle osseuse,96803,9,""Lymphome malin diffus à grandes cellules B, SAI"",J7G0,SM";;
"NA,C779,51,Ganglion lymphatique SAI,96803,9,""Lymphome malin diffus à grandes cellules B, SAI"",J7G0,SG";;
"NA,C349,20,Poumon SAI,80103,5,""Carcinome, SAI"",X7B0,RB";;
"NA,C541,34,Endomètre,89353,16,""Sarcome stromal, SAI"",X7N0,GU";;
"NA,C349,20,Poumon SAI,92201,6,""Chondromatose, SAI"",C4A0,RP";;
"NA,C519,31,Vulve SAI,80772,1,""Néoplasie intraépithéliale, grade III (voir règles de codage, page x)"",E5S3,GV";;
"NA,C539,33,Col utérin,81403,3,""Adénocarcinome, SAI"",A7A0,GC";;
"NA,C779,51,Ganglion lymphatique SAI,82463,4,""Carcinome neuroendocrinien, SAI"",S7Z2,SG";;
"NA,C421,25,Moelle osseuse,99453,8,""Leucémie chronique myélomonocytaire, SAI"",H7L2,SM";;
"NA,C449,26,""Peau SAI (à l'exclusion de la peau de la vulve, des grandes lèvres, du pénis, du scrotum)"",82000,3,Cylindrome eccrine dermique (C44.-),A4X6,OT";;
NA,C443,26,Peau des autres régions et des régions non précisées de la face,82000,3,Cylindrome eccrine dermique (C44.-),A4X6,OT;;
"NA,C069,1,Bouche SAI,80713,1,""Carcinome épidermoïde kératinisant, SAI"",E7T2,BZ";;
"NA,C449,26,""Peau SAI (à l'exclusion de la peau de la vulve, des grandes lèvres, du pénis, du scrotum)"",81403,3,""Adénocarcinome, SAI"",A7A0,OT";;
"NA,C443,26,Peau des autres régions et des régions non précisées de la face,81403,3,""Adénocarcinome, SAI"",A7A0,OT";;
NA,C710,46,Cerveau,95303,16,Méningiome malin,N7J0,NH;;
"NA,C449,26,""Peau SAI (à l'exclusion de la peau de la vulve, des grandes lèvres, du pénis, du scrotum)"",80903,2,""Carcinome basocellulaire, SAI (C44.-)"",B7A0,OZ";;
NA,C443,26,Peau des autres régions et des régions non précisées de la face,91403,15,Sarcome de Kaposi,V7R0,OT;;
"NA,C422,25,Rate,96703,9,""Lymphome malin à petits lymphocytes B, SAI (voir aussi M-9823/3)"",J7A0,SR";;
"NA,C220,13,Foie,96703,9,""Lymphome malin à petits lymphocytes B, SAI (voir aussi M-9823/3)"",J7A0,FF";;
"NA,C220,13,Foie,96993,9,""Lymphome de la zone marginale à cellules B, SAI"",J7L1,FF";;
NA,C669,43,Uretère,81301,1,Tumeur transitionnelle papillaire à faible potentiel malin (C67.-),U5D1,UT;;
"NA,C172,9,Iléon (à l'exclusion de la valvule iléocaecale),82463,4,""Carcinome neuroendocrinien, SAI"",S7Z0,DG";;
NA,C709,45,Méninges SAI,95340,16,Méningiome angiomateux,N0J2,NM;;
NA,C482,28,Péritoine SAI,90523,7,Mésothéliome épithélioïde malin,M7P4,DP;;
NA,C762,50,Abdomen SAI,90523,7,Mésothéliome épithélioïde malin,M7P4,XA;;
"NA,C767,50,Autres régions mal définies,81403,3,""Adénocarcinome, SAI"",A7A0,XZ";;
"NA,C541,34,Endomètre,81403,3,""Adénocarcinome, SAI"",A7A0,GU";;
"NA,C519,31,Vulve SAI,80702,1,""Carcinome épidermoïde in situ, SAI"",E5T0,GV";;
"NA,C069,1,Bouche SAI,80703,1,""Carcinome épidermoïde, SAI"",E7A0,BZ";;
"NA,C649,42,Rein SAI,80323,4,""Carcinome à cellules fusiformes, SAI"",X7E2,UR";;
NA,C725,47,Nerf crânien SAI,94203,16,Astrocytome fibrillaire (C71.-),N7S2,NT;;
"NA,C480,28,Rétropéritoine,95913,14,""Lymphome malin non-hodgkinien, SAI"",K7G7,XR";;
"NA,C480,28,Rétropéritoine,96993,9,""Lymphome de la zone marginale à cellules B, SAI"",J7L1,XR";;
"NA,C519,31,Vulve SAI,80703,1,""Carcinome épidermoïde, SAI"",E7T0,GV";;
"NA,C539,33,Col utérin,81402,3,""Adénocarcinome in situ, SAI"",A5A0,GC";;
NA,C541,34,Endomètre,80001,17,Tumeur de bénignité ou de malignité non assurée,E5S1,GU;;
"NA,C679,43,Vessie SAI,91200,6,""Hémangiome, SAI"",V0A0,UV";;
"NA,C759,49,Glande endocrine SAI,83403,4,""Carcinome papillaire, variante vésiculaire (C73.9)"",A7D2,EZ";;
NA,C172,9,Iléon (à l'exclusion de la valvule iléocaecale),89363,16,Sarcome du stroma gastro-intestinal,X7J0,DG;;
"NA,C710,46,Cerveau,91800,6,""Ostéome, SAI (C40.-, C41.-)"",Q0A0,NH";;
"NA,C099,5,Amygdale SAI (à l'exclusion de l'amygdale linguale et de l'amygdale pharyngée),96843,9,""Lymphome malin immunoblastique diffus à grandes cellules B, SAI"",J7J0,AA";;
"NA,C390,23,Voies respiratoires supérieures SAI,96703,9,""Lymphome malin à petits lymphocytes B, SAI (voir aussi M-9823/3)"",K7J0,AZ";;
"NA,C220,13,Foie,95913,14,""Lymphome malin non-hodgkinien, SAI"",K7G7,FF";;
"NA,C779,51,Ganglion lymphatique SAI,96843,9,""Lymphome malin immunoblastique diffus à grandes cellules B, SAI"",K7Y1,SG";;
"NA,C539,33,Col utérin,80713,1,""Carcinome épidermoïde kératinisant, SAI"",E7T2,GC";;
"NA,C449,26,""Peau SAI (à l'exclusion de la peau de la vulve, des grandes lèvres, du pénis, du scrotum)"",95913,14,""Lymphome malin non-hodgkinien, SAI"",K7G7,OT";;
"NA,C443,26,Peau des autres régions et des régions non précisées de la face,95913,14,""Lymphome malin non-hodgkinien, SAI"",K7G7,OT";;
"NA,C384,22,Plèvre SAI,96803,9,""Lymphome malin diffus à grandes cellules B, SAI"",J7G0,RS";;
NA,C480,28,Rétropéritoine,96733,9,Lymphome à cellules du manteau,J7E6,XR;;
"NA,C649,42,Rein SAI,81203,1,""Carcinome à cellules transitionnelles, SAI"",U7A0,UR";;
"NA,C399,23,Localisations mal définies de l'appareil respiratoire,81403,3,""Adénocarcinome, SAI"",A7A0,RZ";;
"NA,C449,26,""Peau SAI (à l'exclusion de la peau de la vulve, des grandes lèvres, du pénis, du scrotum)"",97023,10,""Lymphome à cellules T matures, SAI"",J7T0,OT";;
"NA,C443,26,Peau des autres régions et des régions non précisées de la face,97023,10,""Lymphome à cellules T matures, SAI"",J7T0,OT";;
"NA,C689,43,Appareil urinaire SAI,83103,3,""Adénocarcinome à cellules claires, SAI"",A7K2,UZ";;
"NA,C349,20,Poumon SAI,80203,5,""Carcinome indifférencié, SAI"",X7E0,RB";;
"NA,C760,50,""Tête, face ou cou SAI"",82003,3,Carcinome adénoïde kystique,A7X6,XC";;
NA,C679,43,Vessie SAI,81200,1,Papillome bénin à cellules transitionnelles,U0A0,UV;;
"NA,C399,23,Localisations mal définies de l'appareil respiratoire,80123,5,""Carcinome à grandes cellules, SAI"",X7E6,RZ";;
"NA,C669,43,Uretère,81203,1,""Carcinome à cellules transitionnelles, SAI"",U7A3,UT";;
"NA,C419,24,Os SAI,98753,8,""Leucémie myélogène chronique, ABL-BCR positif"",H7L5,LO";;
NA,C421,25,Moelle osseuse,97323,9,Myélome multiple (C42.1),H7X2,SM;;
NA,C709,45,Méninges SAI,95303,16,Méningiome malin,N7J0,NM;;
NA,C689,43,Appareil urinaire SAI,82703,3,Adénocarcinome chromophobe (C75.1),A7H8,UZ;;
"NA,C422,25,Rate,98613,8,""Leucémie aiguë myéloïde, SAI (type FAB ou OMS  non précisé) (voir aussi M-9930/3)"",H7C0,SR";;
"NA,C779,51,Ganglion lymphatique SAI,80413,4,""Carcinome à petites cellules, SAI"",S7Z4,SG";;
"NA,C779,51,Ganglion lymphatique SAI,96803,9,""Lymphome malin diffus à grandes cellules B, SAI"",J7G2,SG";;
"NA,C779,51,Ganglion lymphatique SAI,82603,3,""Adénocarcinome papillaire, SAI"",A7D0,SG";;
"NA,C779,51,Ganglion lymphatique SAI,83403,4,""Carcinome papillaire, variante vésiculaire (C73.9)"",A7D2,SG";;
"NA,C779,51,Ganglion lymphatique SAI,80203,5,""Carcinome indifférencié, SAI"",X7E0,SG";;
"NA,C779,51,Ganglion lymphatique SAI,96503,11,""Lymphome de Hodgkin, SAI"",K7A0,SG";;
"NA,C779,51,Ganglion lymphatique SAI,96523,11,""Lymphome de Hodgkin, à cellularité mixte, SAI"",K7D0,SG";;
"NA,C779,51,Ganglion lymphatique SAI,96903,9,""Lymphome folliculaire, SAI (voir aussi M-9675/3)"",K7G4,SG";;
"NA,C779,51,Ganglion lymphatique SAI,97023,10,""Lymphome à cellules T matures, SAI"",K7G8,SG";;
NA,C779,51,Ganglion lymphatique SAI,83453,4,Carcinome médullaire à stroma amyloïde (C73.9),S7S5,SG;;
NA,C779,51,Ganglion lymphatique SAI,97503,13,Histiocytose maligne,H7T0,SG;;
"NA,C779,51,Ganglion lymphatique SAI,96653,11,""Lymphome de Hodgkin, sclérose nodulaire, grade 1"",K7C2,SG";;
